product_id,months_included,n_rows,actual_total,pred_total,mae,rmse,smape,wape,bias_ratio
LC405,6,6,1343.0,485.7543750715116,142.87427082141474,166.2850470599891,0.9195809471908488,0.638306496596045,-0.638306496596045
LC209,6,6,1033.0,299.67772397149,140.73845574793094,196.88807394236508,1.4104305627666125,0.8174547284487761,-0.7098957173557695
LC207,6,6,980.0,329.40857114456173,125.25889482002613,167.68994691590066,1.0147426744567143,0.7668911927756702,-0.6638688049545289
LC205,6,6,974.0,360.4114351509441,102.50554456324676,116.26686248344083,0.8711889886016642,0.6314509932027521,-0.6299677257177166
LC983,6,6,907.0,378.62884676598264,102.59535847484851,127.83584360165773,1.0513039366391703,0.6786903537476197,-0.5825481292547049
LC240,6,6,826.0,204.38545618698072,103.7274523758756,120.13213285680452,1.0392383349740069,0.7534681770644717,-0.7525599804031711
LC555,6,6,812.0,451.9082492139966,67.08969432219426,75.41171886593642,0.7153303252501688,0.49573665755315954,-0.4434627472734032
LC301,6,6,778.0,389.4701242033978,77.53756965447062,99.58791648938279,0.8599272634068177,0.597976115587177,-0.49939572724499
LC107,6,6,756.0,436.6188143245247,55.45123720509421,60.61820049021431,0.615622699536977,0.4400891841674144,-0.42246188581412075
LC324,6,6,738.0,304.72201054225195,81.23685631227157,99.3148273955554,0.9792756200894117,0.6604622464412322,-0.5870975466907156
LC302,6,6,715.0,210.4290524716112,84.09515792139814,87.69236853893169,1.1034233337612684,0.7056936329068375,-0.7056936329068375
LC821,6,6,703.0,260.39557269522624,101.55521164145865,127.71688097390299,1.1663969311544642,0.8667585630849957,-0.6295937799498915
LC219,6,6,697.0,295.9295384062878,88.79164010974188,104.88161960101438,1.1465080088923736,0.764346973685009,-0.5754239047255555
LC420,6,6,685.0,268.45325193816217,70.57451035932168,85.00359360141519,0.843216867722374,0.618170893658292,-0.6080974424260406
LC213,6,6,667.0,285.7290836704586,91.10158047147418,110.9761389007404,1.2010080079668524,0.8195044720072641,-0.5716205642122061
LC311,6,6,656.0,134.27608431537112,86.95398594743817,97.94761384701646,1.211069390124145,0.7953108470802271,-0.7953108470802271
LC127,6,6,655.0,396.9639367316931,64.49693202273633,79.71012235819836,0.7380235573792144,0.5908115910479664,-0.39394818819588845
LC235,6,6,646.0,210.65301736142996,79.10160193509196,88.5952456017992,1.1511576610433465,0.7346898012547242,-0.6739117378306039
LC552,6,6,636.0,417.128517640091,75.9146517802526,87.73235476725506,0.8584344956729263,0.7161759601910622,-0.34413755088036013
LC214,6,6,634.0,338.00410885251415,95.01169865885771,110.4941640800841,1.2152975585255803,0.8991643406201045,-0.466870490768905
LC944,6,6,632.0,337.283094406728,84.75488835694746,110.632370308602,0.8991363307343473,0.8046350160469695,-0.4663242177108734
LC125,6,6,609.0,301.5020730108754,56.52829546766606,61.234949798584005,0.7733795156038393,0.5569290193858726,-0.5049227044156397
LC529,6,6,608.0,124.87684575747886,82.38951834576558,101.95324685773565,1.1777171536261812,0.8130544573595287,-0.7946104510567783
LC1027,6,6,600.0,6.587213201057455,101.0306099581327,244.87377713441182,1.9997758790082993,1.010306099581327,-0.9890213113315711
LC954,6,6,591.0,380.57516384326897,43.05974508184388,50.23277151641682,0.6019192043032003,0.43715477240450634,-0.356048792143369
LC939,6,6,584.0,219.4505773891839,60.75823710180268,63.45166484963952,0.9439193930504436,0.6242284633746851,-0.6242284633746851
LC223,6,6,580.0,165.95362048606168,82.94329646012253,105.27654915256961,1.3311201914426565,0.8580341013116123,-0.7138730681274799
LC409,6,6,579.0,286.25779765318146,56.952770794053684,68.89170337731397,0.9661379557296846,0.5901841533062557,-0.5055996586300838
LC224,6,6,571.0,212.98427272152844,62.133854159830776,74.18576838913555,0.86075203428096,0.6528951400332481,-0.6269977710656245
LC212,6,6,567.0,146.85671525734116,74.35746524505645,92.47231361215012,1.1781087882969024,0.7868514840746714,-0.7409934475179168
LC571,6,6,566.0,347.0131409728675,60.08810539016557,76.4506327233042,0.8611270260403883,0.6369763822279036,-0.3869025777864533
LC206,6,6,562.0,338.2423259402301,60.50566464986199,77.31177812615992,0.8830353281907146,0.6459679499985266,-0.3981453275084874
LC326,6,6,557.0,98.25153185504348,76.45807802415942,93.99131022919772,1.2202704404494453,0.823605867405667,-0.823605867405667
LC201,6,6,555.0,238.36391289125396,57.18321671546641,73.57900371834057,0.815044434463234,0.6181969374645017,-0.5705154722680109
LC148,6,6,539.0,100.64656132003012,74.43279823380907,94.86385492213654,1.204938391559023,0.8285654719904534,-0.813271685862653
LC572,6,6,539.0,108.67561800496941,82.3001119063041,111.76298869830853,1.550242765077564,0.9161422475655372,-0.7983754767996856
LC522,6,6,530.0,280.41278371284164,52.759250762054485,64.61943730024075,0.78017450112806,0.5972745369289187,-0.4709192760135063
LC988,6,6,519.0,173.5954074970317,63.86030442933991,83.9903292111126,1.0932297770266957,0.7382694153680914,-0.6655194460558157
LC234,6,6,510.0,157.8737425303525,63.07745202119151,78.1533066469289,1.040047274785486,0.7420876708375472,-0.6904436420973479
LC895,6,6,501.0,185.77968955567178,52.53671840738804,72.38417515098777,0.7979644352566626,0.6291822563759046,-0.6291822563759046
LC894,6,6,496.0,216.18612004048367,46.63564665991939,54.70696201816478,0.7279038348358005,0.5641408870151539,-0.5641408870151539
LC153,6,6,494.0,196.193996302738,53.58137762980525,63.85779755940197,0.8904152633168966,0.6507859631150436,-0.6028461613304898
LC901,6,6,473.0,144.67386022255488,56.919764575103564,69.47248458884319,1.0033847667195455,0.7220266119463454,-0.6941356020664802
LC245,6,6,469.0,119.55551915174655,64.13234918912086,94.45807649462687,1.0390412964853828,0.8204564928245738,-0.7450841809131206
LC713,6,6,467.0,74.52469567077853,68.9809670514429,83.49008561588269,1.4580297540123837,0.886265101303335,-0.8404182105550781
LC966,6,6,460.0,286.9304314273154,33.68593920841069,43.11922842320084,0.6486865930073316,0.4393818157618785,-0.3762381925493144
LC410,6,6,453.0,156.65791391344743,61.333703608872476,78.42301821151621,1.1571940063867643,0.812366935216854,-0.6541767904780409
LC138,6,6,448.0,62.234170256162834,67.5468401204249,83.36401574245741,1.4509639967214376,0.9046451801842622,-0.8610844413924937
LC938,6,6,445.0,104.75592199729167,61.96078911858283,89.40686523272804,1.1143770913254822,0.8354263701381955,-0.7645934337139513
LC239,6,6,440.0,149.3076237670271,60.13361150499059,83.63750640568719,1.042165756015527,0.8200037932498716,-0.6606644914385748
LC330,6,6,439.0,192.88378850134092,41.019368583109845,48.69390985139297,0.8171098898394638,0.560629183368244,-0.560629183368244
LC876,6,6,434.0,215.46261403153136,36.42289766141144,47.326294866977676,0.7439823243849214,0.5035423639826466,-0.5035423639826466
LC122,6,6,433.0,343.99447091438094,36.64760066972248,49.04434248627847,0.999766020711467,0.5078189469245609,-0.20555549442406246
LC856,6,6,417.0,107.80370159299456,51.53271640116758,84.65596254940704,0.8175993764705582,0.7414779338297494,-0.7414779338297494
LC215,6,6,415.0,148.15922706678577,49.10497719713885,66.13081526932997,1.0247406714137601,0.7099514775489955,-0.6429898142969017
LC558,6,6,407.0,233.89571250001126,34.46454099694097,38.995990447188575,0.6790888784616129,0.5080767714536752,-0.425317659705132
LC145,6,6,405.0,113.78806711172385,50.2112707232371,72.22670412155622,0.8499141279767378,0.7438706773812903,-0.7190418096006818
LC306,6,6,403.0,105.49152986210551,55.63252882918448,91.27858764421767,0.9589496015901875,0.8282758634618037,-0.7382344172156191
LC924,6,6,402.0,130.47701834120824,54.34488781264417,69.49179886135038,1.3069764925695044,0.8111177285469279,-0.6754303026338105
LC319,6,6,397.0,154.80475176738855,40.36587470543524,48.5875508033742,0.7966195056339406,0.610063597563253,-0.610063597563253
LC852,6,6,397.0,129.44850639827794,50.74125338679145,65.72014994414724,1.0573802210024001,0.7668703282638506,-0.673933233253708
LC307,6,6,394.0,111.71729406489737,49.68827173511261,56.02063351445133,1.0910925733322674,0.7566741888595828,-0.7164535683632046
LC926,6,6,392.0,177.33707772490982,45.65570253757422,62.74551132522581,0.8139009741097238,0.6988117735342992,-0.5476094955997198
LC225,6,6,392.0,143.18120384333466,49.15690221338908,60.21460348405646,0.9961464778584576,0.7524015644906492,-0.6347418269302687
LC997,6,6,387.0,126.59564509214054,51.4284337757484,73.19788092397195,1.0030508562662053,0.7973400585387349,-0.6728794700461485
LC109,6,6,386.0,130.88269608425895,43.94084915061228,55.58551793928642,0.9541981227020542,0.6830183805794655,-0.6609256578128007
LC336,6,6,386.0,112.61473256517203,54.98740225698658,71.26461792086985,1.2411132710709503,0.8547264599531593,-0.7082519881731294
LC968,6,6,384.0,229.48085666073786,31.09835436807902,34.563678134572186,0.7865086356837384,0.48591178700123466,-0.4023936024459951
LC108,6,6,384.0,193.82648158087247,44.26971264565435,49.32583219165926,1.0903798260424544,0.6917142600883492,-0.4952435375498112
LC891,6,6,380.0,54.965590778845325,58.49076888325654,82.18349598129755,1.5167784434201985,0.923538456051419,-0.8553537084767229
LC621,6,6,379.0,212.96250187006686,53.64847843889003,72.12607382500458,0.8761172471175306,0.8493162813544596,-0.4380936626119608
LC624,6,6,376.0,201.20251372824376,38.07914046238337,46.40943648293123,0.7942681225556915,0.6076458584422878,-0.4648869315738198
LC802,6,6,368.0,168.37121086077047,37.90512287305165,46.49452039905934,0.9805958285865342,0.6180183077127986,-0.542469535704428
LC501,6,6,365.0,168.94963529130462,35.28783209197205,39.00610964494088,0.8370251493075509,0.5800739521968008,-0.537124286873138
LC309,6,6,363.0,111.09584807783561,41.984025320360736,49.60644770690849,0.9935288737032311,0.6939508317414997,-0.6939508317414997
LC505,6,6,363.0,140.38878081524342,43.303854522570695,63.24509578867456,0.9008463185096716,0.7157661904557139,-0.6132540473409273
LC101,6,6,359.0,135.6536787603809,37.68075408726636,51.30389083701566,0.7834242688596932,0.6297619067509698,-0.6221345995532566
LC106,6,6,356.0,209.6927424581709,38.94269848116644,42.98807249650235,0.8428608888552164,0.6563376148511197,-0.4109754425332279
LC119,6,6,356.0,115.09896825963082,40.24544766552522,46.27506850182853,0.9316351172021196,0.6782940617785149,-0.6766882914055314
LC801,6,6,355.0,194.41298505247994,30.709662491261685,34.6513204463166,0.7734923640627162,0.5190365491480848,-0.45235778858456355
LC908,6,6,353.0,174.20809090602359,42.58870957258019,51.756823286404064,0.9678728317930005,0.7238874148313914,-0.5064926603228793
LC427,6,6,352.0,153.3555355697669,38.521888334999765,62.17830685528001,0.8670236264252033,0.6566230966193142,-0.5643308648586168
LC444,6,6,347.0,137.9028830016899,35.442084051150964,42.55638913056479,0.873217547475072,0.6128314245155786,-0.6025853515801445
LC828,6,6,334.0,45.31587900638078,48.1140201656032,70.72487643349653,1.2907064584352061,0.8643237155497582,-0.8643237155497582
LC242,6,6,332.0,63.0834753444301,48.83269578970047,62.042310702121725,1.3930253313004124,0.8825185986090447,-0.8099895320950901
LC840,6,6,331.0,99.17211327838156,38.82975447339022,47.97779991405926,0.9357587391963457,0.703862618852995,-0.7003863647178806
LC616,6,6,330.0,119.08214165493605,35.152976390843996,43.4345339929272,0.8317952422554238,0.6391450252880726,-0.6391450252880726
LC815,6,6,323.0,166.33770715672446,35.751842088709445,43.56251765735624,1.0233342838719028,0.6641209056726213,-0.48502257846215346
LC520,6,6,322.0,172.3042172859071,45.06867199770537,59.921157403193284,0.9589684550581241,0.8397889192119014,-0.4648937351369344
LC970,6,6,320.0,149.53699777008612,28.501908819128904,38.0169477312882,0.6552205677924766,0.534410790358667,-0.532696881968481
LC110,6,6,318.0,166.45428967495042,45.98472975810711,67.96514204418074,0.8589604851955017,0.8676364105303228,-0.4765588375001558
LC203,6,6,317.0,118.68379692699921,34.731978198407276,46.03577670114834,0.8082965953357683,0.6573875999698539,-0.6256031642681414
LC999,6,6,317.0,104.18226664230238,51.59306518238886,100.57885048542535,1.1807118381277202,0.9765248930420605,-0.6713493165857969
LC972,6,6,316.0,101.32125185372931,40.993446356127826,54.875536215615746,1.1501516097105984,0.7783565763821739,-0.6793631270451603
LC814,6,6,313.0,176.26888903543846,22.788518494093598,26.24077368735469,0.6193072222587405,0.4368406101104204,-0.4368406101104204
LC414,6,6,313.0,148.83708430114376,30.93350253232104,37.33934915945066,0.9151765278936571,0.592974489437464,-0.5244821587822883
LC562,6,6,312.0,113.90051522212255,33.01658079631291,42.140251137676415,0.8339753990844536,0.6349342460829406,-0.6349342460829406
LC202,6,6,312.0,108.21818582536335,40.784070407255506,59.30269431947048,1.0661245579604628,0.7843090462933751,-0.6531468403033227
LC955,6,6,309.0,148.94635513962064,33.18517872511867,43.1092997063805,0.825747854072759,0.6443724024294888,-0.5179729607132019
LC504,6,6,308.0,53.839564677537865,49.59455264744443,78.70639152914323,1.427879901870569,0.9661276489761902,-0.8251962185794224
LC429,6,6,301.0,168.50251617392,24.27253101572039,32.96049519765052,0.5272434550772159,0.48383782755588817,-0.4401909761663788
LC133,6,6,298.0,118.8330202258927,29.86116329568455,34.215513671584596,0.8051852166252141,0.6012314757520378,-0.6012314757520378
LC111,6,6,297.0,132.49029709784003,29.078930744648186,37.040183937635504,0.7512156738494437,0.587453146356529,-0.5539047235762962
LC323,6,6,297.0,98.78292165269649,47.760863398585265,70.09631679322806,1.3713860141463698,0.9648659272441468,-0.6673975701929411
LC154,6,6,296.0,135.33983786586063,36.15728157118714,42.56739977922774,0.9975751402753804,0.7329178696862259,-0.5427708180207411
LC803,6,6,295.0,103.7000950371825,40.5512367903842,61.25969636013708,1.1589830518114945,0.8247709177705261,-0.6484742541112457
LC989,6,6,292.0,87.29176477510632,41.40102113256483,59.64915342980253,1.1275205134664825,0.850705913682839,-0.7010556000852524
LC316,6,6,290.0,128.00741959240628,35.399862542146586,41.851254623576814,1.0160883661975686,0.7324109491478604,-0.5585951048537714
LC932,6,6,282.0,147.2063306127894,34.311692008364155,43.171732590800055,0.8466003466052023,0.7300360001779607,-0.47799173541564055
LC308,6,6,282.0,127.63821077846225,36.978435532663184,49.99712600311882,1.0684743291728582,0.7867752240992166,-0.5473822312820488
LC951,6,6,282.0,48.504395426483974,39.273950047641996,58.81672051839457,0.9942103507740496,0.835615958460468,-0.8279985977784257
LC887,6,6,282.0,57.8453890051007,39.57043580144898,55.50315027085163,1.196843862460465,0.8419241659882761,-0.794874507074111
LC902,6,6,281.0,112.23663512263249,37.05891804903164,45.607416821157294,1.1297954659284093,0.7912936238227397,-0.600581369670347
LC857,6,6,280.0,85.04597494798385,32.49233750866936,37.79124494880529,0.9776477222905994,0.6962643751857719,-0.6962643751857719
LC328,6,6,276.0,111.0905934935779,48.258286404647315,62.355827874935926,1.483547616339442,1.0490931827097243,-0.5974978496609497
LC433,6,6,274.0,129.95567672058894,26.567262340362124,31.786658750948362,0.732706591672025,0.5817648687670538,-0.5257092090489455
LC804,6,6,266.0,102.15506337902364,27.30748943682939,34.583297572461184,0.8244759845263605,0.6159584083495351,-0.6159584083495351
LC706,6,6,265.0,101.89626705002797,31.747043102967226,42.002624634815064,0.9365922595268811,0.718800975916239,-0.6154857847168755
LC936,6,6,264.0,102.57099015225526,36.00708130742385,46.23293719722333,1.1209340774248624,0.8183427569869058,-0.6114735221505483
LC907,6,6,262.0,111.02672504968,30.50410945666513,39.692745899069195,1.022313272424886,0.6985673921373694,-0.5762338738561832
LC841,6,6,259.0,86.84499475780858,32.295640684651424,56.33373862679503,0.6975836296352739,0.748161560262195,-0.664691139931241
LC120,6,6,257.0,140.34174199419164,35.25329030287432,42.15572686009065,0.986712004746164,0.8230340148530969,-0.4539231829019781
LC885,6,6,256.0,69.7471386167548,43.76969744113947,91.92224177798158,1.3441005822261214,1.0258522837767063,-0.7275502397783015
LC418,6,6,255.0,115.66113886857994,26.837461218039653,29.79026287621542,1.0426588687315388,0.6314696757185801,-0.5464269063977257
LC407,6,6,255.0,147.69373299487887,29.923836586062915,41.32232371819492,1.0492637598912695,0.7040902726132451,-0.42080889021616114
LC132,6,6,253.0,117.9267555476735,23.70783960538795,29.02809424983265,0.8040475990839488,0.5622412554637458,-0.5338863417088003
LC831,6,6,253.0,54.27316288198854,37.779262250462736,62.02543253685542,1.301242700426546,0.8959508834101835,-0.7854815696364089
LC143,6,6,252.0,111.18551120030655,23.469081466615574,26.217620918803366,0.8061123831581304,0.5587876539670374,-0.5587876539670374
LC443,6,6,251.0,96.60854932009075,29.106399916307723,41.18423210821118,0.7910006939514155,0.6957705159276747,-0.6151053811948576
LC141,6,6,250.0,114.75331951533418,27.570980618775597,44.05833885907881,0.7574557880085803,0.6617035348506144,-0.5409867219386633
LC967,6,6,249.0,149.50658683952534,35.69763176364036,46.72721074520855,1.0848082039476243,0.8601838979190448,-0.3995719404035127
LC428,6,6,248.0,110.1662949434302,31.122004901280892,40.96108068809488,1.2862761136262764,0.7529517314826023,-0.5557810687764911
LC506,6,6,247.0,109.96244561712768,26.480528075964298,35.31530189177287,1.0442496106669894,0.6432516941529789,-0.5548079124812645
LC210,6,6,246.0,100.81174775138598,30.301540344626115,42.40517882202076,0.9729307062746956,0.7390619596250272,-0.5901961473520895
LC830,6,6,244.0,36.82741560179453,34.82307858017435,61.6592252115831,1.1801889883088927,0.8563052109878938,-0.8490679688451045
LC507,6,6,242.0,106.31863827048896,23.839439161636836,30.531582595895383,0.7372214688430923,0.5910604750819051,-0.5606667840062439
LC567,6,6,242.0,175.64992722781594,35.9492154810799,46.8740135660909,0.9767688223501946,0.8913028631672703,-0.27417385443051273
LC102,6,6,238.0,127.58995541037763,21.87674684805744,23.705103855359848,0.7779917985679236,0.5515146264216162,-0.4639077503765646
LC941,6,6,237.0,42.69648997879328,32.38391833686779,52.39945570600994,1.049461657799472,0.8198460338447542,-0.8198460338447542
LC703,6,6,234.0,108.09064084174928,24.725399291290483,30.851452844354252,0.8414350065702686,0.6339845972125765,-0.5380741844369689
LC415,6,6,234.0,64.87977332687463,31.662716980866673,48.71795924508628,1.1636738499053445,0.8118645379709403,-0.7227360114236128
LC401,6,6,232.0,138.8401001905382,22.348520008546867,27.667910096078536,0.8453603775554915,0.577978965738281,-0.4015512922821628
LC911,6,6,228.0,110.24790938472782,26.660772515380348,33.69771736259706,1.1612277769574015,0.7015992767205355,-0.5164565377862815
LC981,6,6,225.0,45.36359875233785,31.947000145113098,50.22407517872444,1.1628058681576163,0.8519200038696826,-0.798384005545165
LC126,6,6,222.0,94.86307666901818,24.696259301124257,35.5349017864768,0.7840239025564032,0.6674664675979529,-0.5726888438332515
LC807,6,6,222.0,96.96657927677079,31.79339544731052,40.996041421724655,1.1809135728384934,0.8592809580354195,-0.5632136068613929
LC899,6,6,221.0,92.12889983111094,31.77884705456572,40.79875707599,1.2709463373646777,0.8627741281782548,-0.5831271500854707
LC208,6,6,221.0,58.678596496730734,35.54983939750529,52.43042485546025,1.4908747902023733,0.9651540107919988,-0.7344859887025759
LC221,6,6,220.0,91.02282942785844,25.4842919880894,32.541244810861905,0.8914798648055884,0.695026145129711,-0.5862598662370069
LC521,6,6,218.0,92.67295138621665,20.88784143563056,27.122968228118776,0.7112168301852616,0.5748947184118502,-0.5748947184118502
LC440,6,6,218.0,87.18979624931379,29.319059783693763,40.78613556417735,1.2884434686760236,0.8069465995512045,-0.6000468061958082
LC949,6,6,216.0,92.82208553243794,20.529652411260344,23.782555715651256,0.724020683414818,0.5702681225350096,-0.5702681225350096
LC928,6,6,216.0,88.9567110858538,27.741377782969067,33.987110036291774,1.309545301611207,0.7705938273046963,-0.5881633746025288
LC560,6,6,213.0,95.69253931408345,29.026953170270357,36.98767438545342,1.3297239267242529,0.8176606526836719,-0.5507392520465566
LC134,6,6,213.0,101.82681904795372,33.27273340822193,48.834318660475084,1.378951857658226,0.9372600960062515,-0.5219398166762735
LC925,6,6,212.0,96.87748086545164,35.503173270026785,52.69588779664097,1.473550064608233,1.0048067906611353,-0.5430307506346619
LC855,6,6,211.0,68.30452821161886,29.857889171136396,45.77955814926094,1.176119105588425,0.8490395024967696,-0.6762818568169722
LC582,6,6,210.0,69.87282715214889,28.895782878111522,38.38409254373535,1.072520160690694,0.8255937965174721,-0.6672722516564339
LC905,6,6,208.0,44.83268324382943,30.94310703885159,45.6033035886752,1.5116647412216588,0.8925896261207189,-0.7844582536354353
LC844,6,6,207.0,63.40153852475645,31.101574104824575,41.38061574852046,1.2256637739652427,0.901494901589118,-0.693712374276539
LC553,6,6,204.0,92.58510608029364,18.56914898661773,20.91731653059099,0.7436923892525811,0.5461514407828744,-0.5461514407828744
LC816,6,6,203.0,38.34693189624549,34.4625772105212,58.45509038000606,1.5231874211610876,1.018598341197671,-0.8110988576539632
LC423,6,6,202.0,86.97653852851123,20.415932306418753,24.299828807356967,0.7787754870586299,0.6064138308837254,-0.5694230765915285
LC568,6,6,202.0,50.95193439897595,29.02424333220364,43.308348327292485,1.1794549342604896,0.8621062375902071,-0.7477627009951685
LC717,6,6,201.0,69.63164325108083,26.63498549259234,40.390881175686715,1.0851976087118835,0.7950741938087266,-0.6535739141737271
LC845,6,6,201.0,36.83921786925687,28.575355177472844,51.9976685295499,1.122524768105715,0.8529956769394879,-0.8167203091081748
LC810,6,6,200.0,94.25803419180613,17.62366096803231,20.223608209129257,0.7566943620004233,0.5287098290409693,-0.5287098290409693
LC211,6,6,200.0,100.29718593955651,25.220551408852458,34.24128260716583,1.0778942983470292,0.7566165422655737,-0.49851407030221745
LC142,6,6,198.0,68.84122017174379,21.680992129286764,28.896192910288597,0.7501859868965367,0.6569997614935383,-0.652317069839678
LC948,6,6,197.0,77.00298958428496,33.21315590608804,50.01283367983677,1.3479494871163948,1.0115682001854227,-0.6091218802828173
LC984,6,6,195.0,94.53387894793724,22.3717776899034,46.14217348163175,0.7654156670590785,0.6883623904585662,-0.5152108771900654
LC327,6,6,195.0,85.96357162239221,29.792331356201135,42.990906803838065,1.2970620128195942,0.9166871186523426,-0.5591611711672194
LC569,6,6,194.0,85.10683772087859,24.486726364318724,40.36818830690839,0.8626377706274259,0.7573214339480018,-0.5613049602016568
LC853,6,6,194.0,51.74709571737286,32.18932742200188,66.99941686012549,1.1985777200380825,0.9955462089278933,-0.7332623932094183
LC103,6,6,193.0,96.56496998060294,21.041982002563927,25.528992270576598,0.7630303589487116,0.6541548809087231,-0.4996633679761506
LC888,6,6,193.0,66.31421615271701,23.440476601698645,35.44479280511764,0.8725079382688393,0.7287194798455537,-0.656403025115456
LC934,6,6,188.0,93.7642659684326,17.178570363821393,23.604531349577137,0.6576916956693418,0.5482522456538742,-0.5012539044232309
LC313,6,6,187.0,75.25324532630829,26.53805186989023,37.03820981358753,1.001032008993746,0.8514882952905956,-0.59757622820156
LC992,6,6,187.0,59.80207383517374,26.71478232127708,38.329618275910114,1.3129052852072622,0.8571587910570186,-0.6802028137156485
LC712,6,6,187.0,64.15320134499179,29.936685747097926,46.8465933280397,1.4582039415106784,0.9605353715646393,-0.6569347521658194
LC982,6,6,184.0,74.32915356331061,30.837588789594733,45.27836377266078,1.4662924559450294,1.0055735474867848,-0.5960372088950512
LC139,6,6,181.0,87.46997060122493,27.425193286666996,35.92432587790977,1.412118962958264,0.9091224293922762,-0.5167404939158844
LC806,6,6,180.0,57.95582369235896,24.691935787564276,33.70515738470668,1.1383129661775644,0.8230645262521425,-0.6780232017091169
LC136,6,6,178.0,91.02507519466573,19.60505422194723,24.646821768135563,0.9671930155265548,0.6608445243352999,-0.48862317306367564
LC403,6,6,178.0,88.60491018797624,20.041951478983425,25.404749548046638,0.9229773740219279,0.6755713981679806,-0.5022196056855267
LC808,6,6,177.0,103.67493305183551,24.321142700936303,32.88958020361599,1.0728098652866958,0.8244455152859763,-0.4142659149613813
LC881,6,6,177.0,52.46327378385418,25.568011058664435,36.310028528708315,1.370124124942606,0.8667122392767604,-0.7035973232550611
LC942,6,6,177.0,34.63691697324788,27.57654507335685,54.54509754494803,1.2360376764193435,0.9347981380798932,-0.8043112035409724
LC530,6,6,176.0,93.19859343374372,19.264547821945083,21.402116454299563,0.8180995896351969,0.6567459484754006,-0.47046253730827436
LC850,6,6,175.0,45.718760506123836,22.417460547020315,31.33231154272227,1.172772826362402,0.7685986473264108,-0.7387499399650068
LC608,6,6,172.0,72.53417611195631,19.690822173499736,29.539727128819735,0.7278543242160671,0.6868891455872,-0.5782896737676959
LC503,6,6,171.0,83.9302984832211,16.649260506606975,18.251899374194526,0.9735047391137863,0.5841845791791921,-0.5091795410337948
LC940,6,6,171.0,79.97018853594184,23.07520705694715,31.451674399099034,1.0568878190081425,0.8096563879630579,-0.5323380787371822
LC730,6,6,171.0,35.527116896869366,23.098493337298134,32.174923737904386,1.2759671693057257,0.8104734504315134,-0.7922390824744482
LC882,6,6,171.0,51.268775771421616,26.153587504182557,45.79932896458917,1.2819775649060567,0.9176697369888617,-0.7001825978279439
LC317,6,6,169.0,68.30872531268326,26.24557641718776,35.55624643086877,1.3573176552407415,0.9317956124445358,-0.5958063590965487
LC231,6,6,168.0,85.64459654289533,21.104528730015904,31.81999669497939,0.9548893397696919,0.7537331689291394,-0.4902107348637183
LC863,6,6,168.0,60.97940951651758,23.267643136408996,32.00296570200311,1.1509058989489305,0.8309872548717498,-0.6370273243064429
LC825,6,6,168.0,49.565373276694,24.557035372831596,33.12199028393895,1.4204782018032003,0.8770369776011284,-0.7049680162101549
LC430,6,6,167.0,83.46569837369422,14.208000306702088,18.606823170461524,0.6315925542079149,0.5104670768875001,-0.5002053989599148
LC424,6,6,167.0,62.140382318359215,21.455033828983698,30.73054284339027,1.0557289900399969,0.7708395387658813,-0.6279019022852742
LC332,6,6,165.0,69.7192291363708,21.64566734015563,29.790935478237145,1.026326436006946,0.7871151760056593,-0.5774592173553285
LC903,6,6,165.0,51.511046013642826,26.360155672200165,46.85520682053445,1.2783011194846983,0.9585511153527333,-0.6878118423415587
LC991,6,6,163.0,42.32755221159952,27.770562203813622,41.84896577238797,1.423315353838338,1.0222292835759614,-0.7403217655730092
LC113,6,6,162.0,78.19880550628794,23.025792438964658,32.62940442372591,1.4818284602987113,0.8528071273690614,-0.5172913240352597
LC228,6,6,161.0,81.14737254903244,15.767580882980745,22.496124019445684,0.8015895443165763,0.5876117099247483,-0.49597905249048163
LC314,6,6,161.0,74.50341028402732,20.16741170797988,23.62647767178542,1.114909235500348,0.7515805605458341,-0.5372458988569732
LC733,6,6,161.0,30.487313183217953,22.478295734143156,33.92375589789025,1.2452070233042636,0.8377004621419809,-0.8106378063154164
LC406,6,6,159.0,42.22326392027483,19.462789346620863,29.94894623606352,0.9283259264275104,0.7344448810045608,-0.7344448810045608
LC859,6,6,158.0,83.88659776971281,23.183625134002085,42.85784539248964,0.8396117733557559,0.8803908278734969,-0.4690721660144759
LC432,6,6,156.0,82.23788682500864,12.293685529165224,13.916257150527546,0.6917258599118993,0.47283405881404705,-0.47283405881404705
LC883,6,6,156.0,79.32561074939149,18.160138559963844,22.324326407027964,0.9761607151163693,0.698466867690917,-0.4915024951962083
LC557,6,6,155.0,110.7832785086723,13.516159021330864,15.797994526504974,0.7284499885978873,0.5232061556644205,-0.28526917091179166
LC867,6,6,155.0,34.52594382828696,20.265544100870652,29.29741647465855,1.203377102442291,0.7844726748724123,-0.7772519753013744
LC528,6,6,155.0,81.4552202280891,27.406303519046585,32.1507584633384,1.414188476234577,1.0608891684792225,-0.47448245014136065
LC708,6,6,153.0,79.96218884720767,12.210764113409994,14.775887168778615,0.6265883402325981,0.47885349464352917,-0.47737131472413286
LC419,6,6,152.0,63.2375410608151,16.379639970997573,20.282212191841097,0.8236444711398226,0.6465647356972726,-0.5839635456525323
LC576,6,6,149.0,35.910159781136656,19.133572053226533,27.739411522256308,0.8733278847877721,0.7704794115393235,-0.7589922162339822
LC140,6,6,149.0,80.46440673178806,22.01535542027683,30.261632845306604,1.47260386420904,0.8865243793400065,-0.4599704246188721
LC563,6,6,148.0,91.92236559541917,22.566020088100654,25.924749089730284,1.1289618790456384,0.9148386522202967,-0.3789029351660867
LC879,6,6,147.0,74.01874403749827,12.923484423439389,16.765090943228156,0.6651036082364241,0.5274891601403832,-0.49647112899661044
LC331,6,6,147.0,69.24112735207929,20.09521028610096,23.625400082533247,1.3842457427931816,0.8202126647388147,-0.528971922774971
LC584,6,6,145.0,77.66517788555167,20.697143865971015,23.884377424508695,1.1729010233202832,0.8564335392815592,-0.4643780835479195
LC226,6,6,145.0,49.314263776753066,25.31501176599657,36.916375904348016,1.6562214719659323,1.0475177282481338,-0.6599016291258408
LC709,6,6,143.0,61.05660478859176,14.91554533358793,20.166436361497976,0.7557826074147362,0.6258270769337594,-0.5730307357441137
LC958,6,6,142.0,65.52991512231513,22.17362121432046,30.370641557670613,1.180865061958581,0.9369135724360756,-0.5385217244907385
LC130,6,6,142.0,79.34054552153404,24.05664358149995,27.568336908972277,1.2944464744201483,1.016477897809857,-0.4412637639328589
LC846,6,6,139.0,96.85470670262518,9.060898450954,13.614569532013224,0.7010253534754538,0.3911179187462158,-0.30320354890197715
LC998,6,6,139.0,53.655138226871344,22.7771691400042,42.11961591162925,1.4495053922692918,0.9831871571224834,-0.6139918113174723
LC227,6,6,136.0,80.2737426966417,17.102223656153868,29.124652766402665,1.0746238705512081,0.7545098671832589,-0.4097518919364581
LC727,6,6,132.0,96.11716273014811,25.354896065464914,32.172548686820484,1.214791506456456,1.1524952757029505,-0.27183967628675676
LC551,6,6,131.0,88.09898220547741,14.21890863584679,16.71795101996403,0.6983514683010857,0.6512477237792423,-0.3274886854543709
LC218,6,6,130.0,58.37606405557693,15.901672608715394,30.621237236679825,0.8487566847301112,0.7339233511714798,-0.5509533534186388
LC969,6,6,130.0,28.798388130424023,20.467998459966797,35.22920313631354,1.1777900366787664,0.9446768519984676,-0.7784739374582766
LC702,6,6,129.0,76.4569015427713,11.000567096615859,15.146085109070274,0.8117714867031135,0.5116542835635283,-0.40731084075371077
LC858,6,6,128.0,73.79924779224673,12.408354562445282,15.374439396938296,0.6717923136772957,0.5816416201146226,-0.4234433766230725
LC950,6,6,127.0,61.311609585781284,16.570598251820602,26.662358634550472,1.0416873912248452,0.7828629095348316,-0.5172314205843994
LC402,6,6,126.0,81.25717960824754,8.351795008444528,9.987742250469182,0.5403910214192363,0.3977045242116442,-0.35510174914089265
LC144,6,6,126.0,32.21129348491711,15.631451085847148,27.048982837830188,0.9268447360146856,0.744354813611769,-0.744354813611769
LC413,6,6,126.0,78.85324223184134,16.97623686852287,28.856385464587227,0.929968653342628,0.8083922318344224,-0.3741806172076083
LC868,6,6,125.0,89.20444247216308,11.228886924993196,12.546860528802473,0.6310014075598583,0.5389865723996734,-0.2863644602226954
LC411,6,6,125.0,39.179935092159006,16.718671051946494,22.233686117607494,1.2266446295884699,0.8024962104934317,-0.686560519262728
LC820,6,6,124.0,41.59369908824117,18.95250155087327,34.95780614918966,1.185164586620656,0.9170565266551582,-0.6645669428367647
LC838,6,6,123.0,45.134227512656764,18.72812970009611,26.83391104229319,1.315536941767508,0.9135673024437128,-0.6330550608727092
LC892,6,6,122.0,48.14613642926726,22.63778083975629,39.31768049566417,1.7406236279506138,1.1133334839224405,-0.6053595374650225
LC906,6,6,121.0,76.25794626357717,10.91528165880761,14.819613003953458,0.9762335444254511,0.5412536359739311,-0.36976903914399034
LC865,6,6,121.0,48.65899460825531,12.673991400459665,20.134633199928615,0.6704517006969978,0.6284623834938677,-0.5978595486921049
LC570,6,6,120.0,82.36224246711836,11.983918305521726,14.06161341168854,0.808725883476722,0.5991959152760863,-0.3136479794406803
LC996,6,6,120.0,66.30460383733462,19.97742804227312,24.947740358408005,1.3695175592880695,0.9988714021136561,-0.4474616346888781
LC618,6,6,119.0,43.74595320854924,12.54234113190846,15.407573602344266,0.8365850445900919,0.6323869478273173,-0.6323869478273173
LC312,6,6,118.0,37.74600248761685,14.674644449250842,28.22014513436801,0.9084926662001128,0.746168361826314,-0.6801186229862979
LC893,6,6,118.0,32.02800430329892,15.58910608594004,27.072248119247398,1.1042046526336369,0.7926664111494935,-0.7285762347178056
LC818,6,6,118.0,28.983558113928115,17.061392092388477,27.81856004325206,1.3749456862103306,0.8675284114773801,-0.7543766261531516
LC909,6,6,118.0,38.59549410234084,18.865862640414942,24.582543314557363,1.5263803617142857,0.9592811512075394,-0.6729195415055861
LC334,6,6,118.0,42.11296642949223,20.00172787011258,28.668727186595493,1.3525095784144232,1.0170370103447073,-0.643110453987354
LC310,6,6,117.0,72.06958114205345,9.119162620014803,12.807278062850312,0.7093175175245152,0.46764936512896427,-0.38402067399954315
LC861,6,6,116.0,61.61609691759974,14.30919660941695,21.432687665884213,1.0498562611171385,0.7401308591077733,-0.4688267507103471
LC320,6,6,115.0,75.52592897923783,12.453241785161538,16.960832937564874,1.0078331942773284,0.649734354008428,-0.3432527914848884
LC333,6,6,115.0,43.795146482807134,20.462408126346663,31.51216675644984,1.5477154414841738,1.0676039022441737,-0.6191726392799379
LC155,6,6,114.0,42.742241663154374,19.966277588443234,21.103693230014656,1.6219953562144547,1.050856715181223,-0.6250680555863651
LC531,6,6,109.0,86.27849193035925,8.20214895176004,10.955131968529622,0.7740940911157237,0.4514944377115619,-0.2084542024737684
LC426,6,6,108.0,67.81524706853695,10.190909312608262,11.406902466057064,1.0864651624960795,0.5661616284782368,-0.3720810456616949
LC898,6,6,106.0,38.75446951386239,13.18551466949895,16.248017446597522,1.1232463237428236,0.7463498869527707,-0.634391797039034
LC147,6,6,106.0,35.70636781688623,13.90235473677429,20.155770699790153,1.0210006554071427,0.7869257398174127,-0.6631474734256017
LC408,6,6,105.0,56.30083705290732,12.762788490402782,14.37136761872579,1.0392134218488513,0.7293021994515875,-0.4638015518770732
LC869,6,6,105.0,24.335647764851565,14.136796369100503,27.394815972662546,1.2336337866491778,0.8078169353771717,-0.7682319260490328
LC146,6,6,104.0,51.61350075407678,18.916083255458165,23.273441378252702,1.6190872284016198,1.091312495507202,-0.5037163389031079
LC849,6,6,102.0,46.16383774677538,17.330040429898133,22.525887896997208,1.3729361839139205,1.0194141429351844,-0.5474133554237708
LC704,6,6,101.0,78.97366267788048,6.991706349762565,7.97712684455253,0.9680458297082918,0.4153488920651029,-0.2180825477437575
LC973,6,6,99.0,46.66620225491436,16.193305265023504,22.67694295888765,1.4728660824599895,0.9814124403044548,-0.5286242196473298
LC573,6,6,99.0,47.24994470821089,19.204506052934704,30.23317311890179,1.5275633895061855,1.1639094577536184,-0.5227278312301931
LC502,6,6,98.0,51.746095726815106,7.708984045530816,12.12576715827778,0.4614496670145675,0.47197861503249894,-0.47197861503249894
LC229,6,6,98.0,81.08185547053276,16.10491411739588,24.70635762405446,1.355311988730616,0.9860151500446457,-0.17263412785170662
LC877,6,6,97.0,77.7860269088831,7.074104896959181,8.765604393904244,0.5653727060516069,0.4375734987809803,-0.1980821968156381
LC965,6,6,97.0,80.62235507410136,13.544075259962755,16.297205805755677,1.5663194385271904,0.8377778511317169,-0.16884170026699621
LC442,6,6,97.0,53.29683697395374,14.295266843378704,21.993537478068962,0.9413180922919727,0.8842433098997136,-0.45054807243346656
LC615,6,6,96.0,44.710105611932335,8.721725154029789,14.060720891136448,0.5817768752586706,0.5451078221268618,-0.5342697332090381
LC943,6,6,96.0,43.3601386341938,12.951347403533552,14.288307773876495,1.3402346121861424,0.809459212720847,-0.5483318892271478
LC237,6,6,95.0,24.002811527466132,12.733928587325872,26.316238025203802,1.1805609663003738,0.804248121304792,-0.7473388260266725
LC817,6,6,94.0,53.47687565157802,16.278018618635304,20.448795935738975,1.193626353355441,1.0390224650192748,-0.43109706753640414
LC878,6,6,92.0,60.48454969650032,7.218437455714361,9.433803254021825,0.5955452671834599,0.47076766015528443,-0.3425592424293443
LC556,6,6,91.0,68.06967739558345,9.212545888488487,12.178609883791893,0.8968032053602492,0.607420608032208,-0.2519815670815006
LC115,6,6,91.0,68.86292590829096,11.595397856715387,14.549034832969726,1.293101395201403,0.7645317268163991,-0.24326455045834108
LC805,6,6,89.0,82.67101363195141,8.273777077055003,11.018830066190588,1.214892024180616,0.5577827242958429,-0.07111220638256839
LC913,6,6,89.0,36.79687974629913,9.732808799123715,14.061791742796848,0.8919817768243693,0.6561444134240706,-0.5865519129629312
LC811,6,6,89.0,41.961409750067396,13.729251875334242,19.448935035464565,1.2319751431813393,0.9255675421573646,-0.5285234859542989
LC131,6,6,88.0,42.225611728870085,9.156841959349594,12.537010456188654,0.9710474841305129,0.6243301335920177,-0.5201635030810215
LC705,6,6,88.0,55.32023192984234,9.754012684160225,13.128137898743796,0.7729898121363107,0.6650463193745607,-0.3713610007972461
LC956,6,6,87.0,69.89757481506547,11.552695039238111,14.698251005530176,1.5488590326402332,0.7967375889129732,-0.19657959982683357
LC976,6,6,87.0,31.303863524593343,12.285752749405063,20.983053553693054,1.2468375366669349,0.8472932930624182,-0.6401854767288122
LC412,6,6,86.0,36.11697524314221,12.871355432667523,17.48161245937672,1.339861452807617,0.8980015418140133,-0.5800351715913696
LC216,6,6,86.0,29.03854414668306,16.245493935964507,27.072554819956725,1.7136322153292076,1.1334065536719422,-0.66234250992229
LC945,6,6,85.0,79.68060188626055,10.725187100631068,13.22151449971396,1.011811458439781,0.7570720306327813,-0.0625811542792878
LC834,6,6,83.0,37.638591374929085,12.766106734824639,19.31750596638639,1.1925592982332787,0.9228510892644317,-0.5465229954827822
LC897,6,6,82.0,25.383656786744723,14.189763546819497,28.860356273443067,1.296868122988946,1.0382753814745973,-0.6904432099177473
LC425,6,6,80.0,67.90242881461916,13.733293843623363,20.313641559194146,1.38154290070298,1.0299970382717523,-0.15121963981726058
LC602,6,6,78.0,33.94709593601104,14.134540650063956,19.435023195781618,1.5736535824632414,1.0872723576972274,-0.5647808213331919
LC607,6,6,76.0,38.10441340851642,10.967609383541996,21.28742801202269,0.9974482059914882,0.8658638987006838,-0.49862613936162614
LC526,6,6,75.0,39.22696003277795,10.293128696268269,12.439123399958962,1.2837861864886904,0.8234502957014616,-0.4769738662296273
LC889,6,6,74.0,51.49400434423876,6.223435426480054,7.487121400021993,0.6361498074301254,0.5046028724173016,-0.30413507642920595
LC809,6,6,74.0,41.00072160995551,8.891015577487615,13.128420579919128,0.9582257685326198,0.7208931549314282,-0.44593619446006055
LC416,6,6,73.0,34.85152607787286,10.121554257010132,14.082769032259739,1.155679158035308,0.8319085690693259,-0.5225818345496869
LC842,6,6,71.0,43.36373038061431,7.616239166763866,10.80038437680705,1.0441986452893541,0.6436258450786366,-0.38924323407585476
LC980,6,6,70.0,24.04732742462788,9.88911331771593,15.272088329880077,1.2944585444596317,0.8476382843756513,-0.6564667510767446
LC860,6,6,70.0,53.00054836399279,11.994495586895923,17.26395334672832,1.0706000769490691,1.0280996217339362,-0.2428493090858173
LC964,6,6,69.0,49.74251127417954,6.884162037161944,10.894494776862253,1.0200283468227327,0.598622785840169,-0.2790940395046443
LC961,6,6,69.0,25.732992948739913,8.55053734837076,12.794520785270704,1.003460837514594,0.7435249868148487,-0.6270580732066678
LC971,6,6,69.0,29.331498114710072,9.340951620085766,19.63372266528806,1.1487891435125273,0.8122566626161536,-0.5749058244244917
LC123,6,6,69.0,32.375124933237096,10.45871161498445,19.809359152579688,0.9814729793408111,0.9094531839116913,-0.5307952908226506
LC620,6,6,68.0,52.935577683322755,5.176310827819844,5.939542027354954,0.9535258059669447,0.45673330833704506,-0.22153562230407714
LC580,6,6,68.0,30.407494498894568,12.730894481830978,14.397867647019414,1.7278443893698894,1.1233142189850862,-0.5528309632515506
LC827,6,6,66.0,51.67943013777307,6.841932360900926,7.82613380351956,1.114386325668524,0.6219938509909932,-0.21697833124586266
LC124,6,6,66.0,35.95213545344165,7.802982247291912,11.11654878533451,0.8419588805459837,0.7093620224810829,-0.45527067494785384
LC244,6,6,66.0,35.26366654668649,8.265183190872206,12.058632253235972,1.1870243255406132,0.7513802900792914,-0.4657020220199017
LC304,6,6,66.0,50.240381527300045,9.994543485641996,15.539203661478957,0.9357979577476536,0.9085948623310905,-0.2387820980712115
LC854,6,6,66.0,48.75503595144203,11.41987244810308,18.31750734824384,1.5910681623145084,1.0381702225548255,-0.2612873340690604
LC303,6,6,65.0,74.91752129845936,4.6733489841026215,5.7377755721247805,0.9192427882505781,0.43138606007101116,0.15257725074552858
LC728,6,6,65.0,37.55686702810038,5.838070369205845,7.4548442029709445,0.589457369848531,0.5388988033113087,-0.4222020457215325
LC871,6,6,64.0,42.01410424355818,5.771173022580938,6.9754050306168836,0.5804553747776582,0.5410474708669629,-0.3435296211944033
LC872,6,6,64.0,32.74386484512417,11.458113356561297,16.462612492814117,1.7372458352975733,1.0741981271776215,-0.48837711179493487
LC715,6,6,63.0,42.51035443401541,9.314795889730753,14.666317493570565,1.3786429610975148,0.8871234180695955,-0.3252324693013427
LC422,6,6,61.0,28.280979511592005,6.760703641952595,11.236458061741118,0.6652232572595839,0.6649872434707471,-0.5363773850558687
LC886,6,6,61.0,74.22501831464098,7.514385625311682,8.576859368798882,1.4425777560843125,0.7391198975716409,0.2168035789285406
LC577,6,6,61.0,57.91501058220147,7.839361593233192,10.011978261825316,1.5208421734422146,0.7710847468753959,-0.05057359701309069
LC927,6,6,60.0,32.08679149898041,8.236899309274207,10.934449728487419,1.0900656251326466,0.8236899309274207,-0.4652201416836598
LC335,6,6,59.0,61.92553138434611,4.7707903209610505,5.801808421910725,0.9482503051764736,0.48516511738586954,0.049585277700781596
LC305,6,6,59.0,34.35197647824978,6.299774819485006,7.13629257168878,1.0084308854921373,0.6406550663883057,-0.41776311053813925
LC946,6,6,59.0,45.71098159528032,12.490842644994201,14.707939970051552,1.3783380887968517,1.2702551842366983,-0.22523760007999444
LC974,6,6,58.0,50.917247451631575,5.868864061854587,8.53746624308568,1.006943567653724,0.6071238684677158,-0.1221164232477314
LC952,6,6,57.0,38.79857555527853,6.267336124154731,9.477002453012428,1.2897422635001836,0.6597195920162875,-0.3193232358723066
LC953,6,6,57.0,28.767059523306642,6.882010858737844,8.55383983796575,1.0256939192427357,0.7244221956566151,-0.4953147452051466
LC839,6,6,57.0,37.906445092141674,10.586549980886778,12.248491329853751,1.3359529659487748,1.1143736821986083,-0.3349746475062864
LC579,6,6,56.0,35.509976872816765,7.718664343498607,8.894599856059239,1.1253136968882185,0.8269997510891365,-0.36589327012827205
LC978,6,6,55.0,31.13253859653996,6.095989608210115,6.73550307979804,0.9895709677959869,0.6650170481683761,-0.4339538436992735
LC819,6,6,54.0,34.356049484695205,8.133038484090406,12.49682874822944,1.3089322161556287,0.9036709426767118,-0.36377686139453325
LC561,6,6,54.0,30.970168377053334,11.834679905011171,19.88444776361621,1.523772588084542,1.31496443389013,-0.42647836338790124
LC315,6,6,53.0,32.098457514506975,6.838545973076811,8.093514707796286,1.4058196561502398,0.7741750158200164,-0.3943687261413778
LC912,6,6,53.0,33.27052855588338,7.150278490379887,8.675619359162027,1.4061805325684722,0.8094654894769684,-0.3722541781908796
LC701,6,6,53.0,69.21233899485328,8.829812858912792,10.818601135487247,1.5565933862372319,0.9996014557259765,0.3058931885821374
LC835,6,6,52.0,21.298462881971343,6.467142143872265,8.747061287817486,0.999283670824224,0.7462087089083382,-0.5904141753467049
LC603,6,6,52.0,30.75768586342324,6.705970434029087,9.760193145799317,0.9713632649870828,0.7737658193110485,-0.4085060410880146
LC581,6,6,52.0,56.72940926002318,12.557971337852416,14.524541387737225,1.4399445860792186,1.4489966928291251,0.0909501780773688
LC436,6,6,51.0,28.272778289461264,4.341136781827067,5.083174615578849,0.6675067498474704,0.510721974332596,-0.44563179824585764
LC565,6,6,51.0,31.44553955256286,4.554635329960022,6.787836888077048,0.7364961832121318,0.535839450583532,-0.3834207930870028
LC222,6,6,51.0,40.35862918435245,8.541186576685627,13.418611847607172,1.1438685520051834,1.0048454796100736,-0.2086543297185793
LC987,6,6,51.0,39.9045733872229,10.787708342148635,16.09160598401383,1.23511808772712,1.2691421578998394,-0.21755738456425694
LC318,6,6,49.0,36.433148565044725,3.1140393445158074,4.128458213741186,0.6462664288238814,0.3813109401447927,-0.2564663558154138
LC135,6,6,49.0,33.05305535655213,5.95817336826774,7.798428269548006,1.1526873741512145,0.7295722491756417,-0.325447849866283
LC642,6,6,48.0,29.651212104812135,4.458278011148325,5.601289429083683,0.8142431654207992,0.5572847513935406,-0.3822664144830805
LC884,6,6,48.0,43.36075115667645,4.684391095778122,4.954088824889939,1.0297945046781727,0.5855488869722653,-0.09665101756924073
LC935,6,6,48.0,35.04448850491791,8.599807213072795,13.767779248795103,1.6177078251177053,1.0749759016340994,-0.26990648948087675
LC890,6,6,47.0,44.79777972699207,3.846025435390731,4.785869431725951,0.8134037320650731,0.4909819704754125,-0.046855750489530494
LC904,6,6,46.0,32.193754601871404,5.965475315791969,9.990936490358122,1.2655205429674314,0.7781054759728655,-0.30013576952453475
LC875,6,6,46.0,32.49650487670411,9.007957133453496,14.389410019339467,1.597180596284235,1.1749509304504562,-0.2935542418107802
LC822,6,6,45.0,32.745285944080685,3.1560245853772795,5.145358987780211,0.6416368243906426,0.42080327805030393,-0.2723269790204292
LC726,6,6,45.0,43.161846393193485,3.513580152730609,4.922799318341763,0.8693922990192738,0.46847735369741456,-0.04084785792903364
LC870,6,6,45.0,19.984950047818216,5.617135797281371,7.470842444908245,0.9992777431351142,0.7489514396375161,-0.555889998937373
LC574,6,6,45.0,28.948235096934393,7.032394643999818,8.294104451638765,1.2904217611317905,0.9376526191999757,-0.35670588673479126
LC837,6,6,45.0,33.778718632552774,7.991248230435939,9.819661902677021,1.3202555629141468,1.0654997640581252,-0.24936180816549391
LC241,6,6,44.0,57.306375072480115,3.6689053869672907,4.080547390731895,0.7041755270105138,0.5003052800409942,0.3024176152836392
LC619,6,6,44.0,26.40997295493289,6.426779485197986,7.123821203825932,1.295279243956685,0.8763790207088161,-0.3997733419333434
LC625,6,6,44.0,31.913777844469134,8.74265748844058,12.436163704002041,1.2385506759743885,1.1921805666055336,-0.27468686717115604
LC137,6,6,43.0,29.166428174304503,4.227325402600972,5.901862079537725,0.7880314153325765,0.5898593585024612,-0.32171097269059307
LC812,6,6,43.0,34.08048703824651,6.073422601833112,9.18733236958301,1.5529306618025316,0.8474543165348528,-0.20743053399426717
LC150,6,6,42.0,27.705296018794957,5.515885198651976,7.322580037033401,0.9379338178976008,0.787983599807425,-0.3403500947905963
LC508,6,6,40.0,21.287663323707065,6.58696619131729,8.042791325763664,1.3453123819548711,0.9880449286975935,-0.4678084169073234
LC707,6,6,39.0,25.496273688402983,4.3309594084809495,5.937178863711236,1.1153564653040793,0.6663014474586075,-0.34624939260505166
LC152,6,6,39.0,40.20330405455745,5.826958171816983,6.538148072768153,1.571851031374458,0.896455103356459,0.030853950116857803
LC112,6,6,39.0,31.67179709799578,8.616020432400639,10.226175749999497,1.7613980972727188,1.3255416049847137,-0.18790263851292868
LC725,6,6,38.0,37.506920128607405,4.192076987422069,5.660000169645823,1.1192013984716775,0.661906892750853,-0.012975786089278718
LC246,6,6,37.0,31.34755461712858,5.562343266217458,8.55274170420742,1.3164509317371278,0.9020016107379663,-0.15276879413166
LC959,6,6,37.0,29.08115545250964,5.8581533247641255,6.9699106509084405,1.6071863525182468,0.9499708094212096,-0.21402282560784763
LC609,6,6,37.0,24.154633372775066,7.03642610982778,8.510182428024091,1.5643448835056863,1.1410420718639644,-0.3471720710060793
LC864,6,6,37.0,27.500762488649954,7.30287758347263,10.333945444355242,1.3867253683278875,1.1842504189415075,-0.2567361489554065
LC960,6,6,36.0,12.728732902678901,4.385349773475448,6.215530097926686,1.0363245077822383,0.7308916289125746,-0.646424086036697
LC104,6,6,36.0,21.815870689207564,6.783619270136209,11.572792110067724,1.4245371986121065,1.130603211689368,-0.3940035919664566
LC710,6,6,34.0,28.114115123488943,3.0891882544791875,3.6541513643119354,0.9595429034952164,0.5451508684375037,-0.1731142610738546
LC329,6,6,34.0,30.599224556132086,3.529198329474145,4.185690606312093,0.6521754346368546,0.6227997052013197,-0.10002280717258581
LC114,6,6,34.0,29.218661384596306,5.555894746656577,7.976929843514537,1.0763789966846897,0.9804520141158665,-0.14062760633540283
LC836,6,6,34.0,35.714874238013444,6.1398214115829335,8.63730877665431,1.3007462386471802,1.0834978961616941,0.050437477588630854
LC532,6,6,33.0,41.207647059475754,2.8715968301483374,3.1759612696605792,1.383211301051908,0.5221085145724249,0.24871657755987153
LC578,6,6,33.0,51.27447158882043,4.423476595368785,4.933171360355477,1.048385418799415,0.8042684718852336,0.5537718663278918
LC862,6,6,33.0,8.630867168068196,4.814676822541277,8.078123157863079,1.3794635475111132,0.8753957859165958,-0.7384585706646
LC325,6,6,31.0,45.89092826470547,3.1009999793212413,3.8220481391246373,1.3906702284958599,0.6001935443847564,0.48035252466791856
LC575,6,6,30.0,23.09654573307582,4.175907873935863,5.620259715019716,0.9178735800971687,0.8351815747871726,-0.23011514223080598
LC627,6,6,30.0,14.985209431881962,5.4252225214008805,6.100689483378852,1.6503789345295485,1.0850445042801762,-0.5004930189372678
LC714,6,6,29.0,11.550250761272606,3.318406614934567,4.37369637015422,0.9828443298732634,0.6865668858485311,-0.6017154909905997
LC220,6,6,29.0,21.961222079758628,3.9314823600752526,6.25708578941046,0.7259546469963096,0.8134101434638454,-0.24271648000832313
103954,6,6,28.0,29.05658265692124,3.75384530607321,4.056505302077652,1.2985497923012017,0.8043954227299736,0.03773509489004413
LC605,6,6,28.0,11.129629835349046,4.212966737894296,6.475319698252588,1.2911594035590055,0.9027785866916348,-0.6025132201661056
LC509,6,6,28.0,28.966233357344557,4.567700149414925,6.125353427953744,1.0745039265772454,0.9787928891603411,0.03450833419087702
LC617,6,6,28.0,43.53047480317323,5.608201855786891,6.929777057817507,1.7309987659715065,1.2017575405257623,0.5546598143990437
LC628,6,6,27.0,15.723944292925202,5.106924455331394,6.709624017107515,1.5382750538697103,1.1348721011847542,-0.41763169285462215
LC731,6,6,27.0,27.74116382030506,5.675017264861217,6.284165991189291,1.638293464851355,1.261114947746937,0.027450511863150357
LC118,6,6,26.0,20.278190865142296,2.22091272987826,3.441659924640573,0.6316682247383975,0.5125183222795985,-0.22006958210991165
LC833,6,6,26.0,17.45085494646015,2.546721191712697,3.746559223884345,0.7433825391253525,0.5877048903952378,-0.3288132712899942
LC957,6,6,26.0,31.198465051713626,5.016347452247069,6.942800424450871,1.2549291493054024,1.1576186428262465,0.19994096352744714
LC604,6,6,25.0,11.34649718397243,3.4015012508442575,5.691904178584177,1.0131745596569395,0.8163603002026218,-0.5461401126411027
LC930,6,6,24.0,19.34469839621047,3.305933151404018,4.2503357824834005,1.0919328190538151,0.8264832878510044,-0.19397090015789709
LC866,6,6,23.0,16.10032672764425,2.3480513488837964,3.026749307865369,0.8116958974339951,0.6125351344914252,-0.2999857944502499
LC933,6,6,23.0,32.67423179243799,3.099206078982062,3.3796137022042902,1.248974684339056,0.8084885423431466,0.42061877358426036
LC979,6,6,23.0,20.115861359044423,4.49046608320696,5.2293618028100495,1.456638031770982,1.1714259347496416,-0.12539733221545973
LC843,6,6,22.0,39.765832114425876,2.960972019070979,3.2230982939222295,1.4357721520483828,0.8075378233829942,0.8075378233829942
LC629,6,6,22.0,13.59027931823509,4.395583243624629,6.95919429711695,1.4278227178718863,1.1987954300794443,-0.382260030989314
LC873,6,6,21.0,13.972316152968643,2.4990967746938813,3.2786833168259797,1.055502632297964,0.7140276499125375,-0.3346516117633979
LC438,6,6,21.0,14.544835718632264,3.1680042299661313,3.3854467344476027,1.2616600486031697,0.9051440657046089,-0.30738877530322545
LC623,6,6,21.0,51.497547375778815,5.744816949321847,7.030490583348881,1.5600902275241146,1.6413762712348134,1.4522641607513722
LC601,6,6,20.0,12.984116207643629,2.5311290375272537,3.480637110667257,1.14176078447648,0.7593387112581762,-0.3507941896178185
LC720,6,6,19.0,14.07099993287251,2.5161202389948163,3.236432716762847,1.0729167250813225,0.794564285998363,-0.2594210561646048
LC613,6,6,19.0,10.218798988807634,3.356548636586027,4.034510931995742,1.5927331513116307,1.059962727342956,-0.4621684742732824
LC851,6,6,19.0,34.233121582387824,3.3997817309173097,4.190815385517201,1.2429084524179703,1.0736152834475714,0.8017432411783068
LC633,6,6,18.0,7.691124353676828,2.52325070726816,2.8340388647702106,1.4329301897613365,0.8410835690893868,-0.5727153136846207
LC975,6,6,18.0,9.112805961976044,3.165769867497906,3.5199353614812097,1.6328341283435925,1.055256622499302,-0.49373300211244203
LC525,6,6,18.0,15.055866327855549,3.960955304656134,5.872504837909407,1.6030903306292095,1.320318434885378,-0.16356298178580275
LC417,6,6,18.0,22.505805229131397,4.321342334014745,5.520872674223785,1.8078502784069352,1.4404474446715818,0.25032251272952216
LC524,6,6,17.0,8.972173734742398,2.778649612280067,3.540712047296848,1.3617057989126486,0.9806998631576707,-0.47222507442691775
LC729,6,6,17.0,36.55126103922666,3.724716816933595,4.26128474067081,1.1395346920611862,1.3146059353883275,1.1500741787780393
LC985,6,6,16.0,12.838238060781272,2.2066199042235026,2.8186941017767797,1.3663601587070087,0.8274824640838135,-0.19761012120117058
LC923,6,6,16.0,22.579349032056857,4.185112300287492,5.167166251200445,1.3863038492964892,1.5694171126078094,0.4112093145035537
LC900,6,6,15.0,11.240368089470106,1.531320787014404,1.8967955099437912,1.0446879420955864,0.6125283148057616,-0.25064212736865954
LC993,6,6,15.0,9.081190346242908,2.4278834185207203,2.9988514935898984,1.4897269013749952,0.9711533674082881,-0.39458731025047283
LC641,6,6,15.0,14.81704021913886,2.5369466621853856,3.426129612616289,1.2984820405893918,1.0147786648741541,-0.012197318724075989
LC711,6,6,15.0,12.35106310047184,3.3183993715568847,4.531039231585651,1.6617039981186625,1.327359748622754,-0.17659579330187725
103968,6,6,14.0,8.984553403653846,2.1765956687602164,2.60692781841011,1.4907372329652846,0.9328267151829498,-0.3582461854532967
LC236,6,6,14.0,37.93187754968176,4.16875907407285,5.900544703164918,1.3306107100225406,1.786611031745507,1.7094198249772685
103871,6,6,13.0,7.893378142062838,2.700825340038571,3.9132842538688344,1.7453394542708887,1.2465347723254943,-0.3928170659951663
LC813,6,6,13.0,40.129014466080505,4.521502411013416,5.22778586905353,1.7264457192958782,2.0868472666215765,2.0868472666215765
LC583,6,6,12.0,9.838128359907213,2.059731407345326,2.2938371826017625,1.4436083717520904,1.029865703672663,-0.1801559700077322
LC566,6,6,12.0,23.600359107564763,2.145060634589855,2.480994993242218,1.2127677416792029,1.0725303172949274,0.9666965922970636
LC880,6,6,12.0,21.912497930619562,2.7489498179736187,3.4279892851880915,1.4293999818351226,1.3744749089868094,0.8260414942182969
LC230,6,6,11.0,26.22003403364901,2.6398027624988374,3.0531839207874785,1.090407678293633,1.4398924159084567,1.3836394576044553
103558,6,6,10.0,9.510826617194645,1.5788816202967364,1.898910344125036,1.3777542198074064,0.9473289721780418,-0.04891733828053555
LC896,6,6,10.0,8.054455663967818,2.039743239795683,2.4344084662258414,1.7400766330318926,1.2238459438774099,-0.194554433603218
103894,6,6,10.0,10.76164982096767,2.191091951824044,2.4461580218383183,1.6276706876924623,1.3146551710944265,0.07616498209676678
LC435,6,6,10.0,23.99904765947702,3.0022394435279587,3.6975992903361923,1.5426752097837557,1.8013436661167752,1.3999047659477022
LC527,6,6,10.0,50.105172991849635,6.684195498641606,8.142083975731307,1.5499427911941603,4.010517299184963,4.010517299184963
103837,6,6,9.0,13.61036526488564,1.4837658657846953,1.7961469987287302,1.1818570939825006,0.9891772438564634,0.5122628072095154
LC634,6,6,9.0,7.409005062126411,1.509183845118854,2.2560648685219964,1.591993773898514,1.0061225634125692,-0.1767772153192877
LC643,6,6,9.0,8.691316639367608,1.6438149252791456,1.708948019428668,1.4127603450277328,1.0958766168527638,-0.03429815118137674
LC740,6,6,9.0,8.839024652985184,2.123962553664994,2.4009953139072424,1.7267563867652758,1.4159750357766627,-0.0178861496683129
LC929,6,6,9.0,24.581898019002512,2.5969830031670855,2.8242205853924545,1.5063533540232836,1.7313220021113904,1.7313220021113904
103857,6,6,8.0,8.343005899226632,1.4398875095815458,1.9794351418086809,1.5312549805860989,1.0799156321861594,0.042875737403329145
LC421,6,6,8.0,14.66681374359576,1.6370620450485234,1.8330422289180122,1.401110107218763,1.2277965337863925,0.83335171794947
103153,6,6,8.0,12.827867965340442,1.7600080915036418,2.064416185042952,1.2958861901211955,1.3200060686277313,0.6034834956675552
103571,6,6,7.0,9.113283333464008,1.138020840859898,1.3244434803740983,1.3275386714927315,0.9754464350227696,0.3018976190662868
103316,6,6,7.0,9.55503116762312,1.2549033956282423,1.4710401078540765,1.4521340695372318,1.0756314819670647,0.3650044525175886
103101,6,6,7.0,8.496259212999563,1.3990682256762306,1.8183975935177448,1.5504073509033027,1.199201336293912,0.21375131614279472
LC990,6,6,7.0,11.139795324173859,1.7209617490658682,1.8214256435490908,1.54241885934204,1.475110070627887,0.5913993320248372
LC149,6,6,7.0,17.093897421876985,2.697794474281038,2.9435678339637774,1.4990277606989721,2.3123952636694614,1.4419853459824261
103944,6,6,7.0,21.634245932805154,3.497471091838319,3.83860320634851,1.7644457418808923,2.997832364432845,2.0906065618293077
103125,6,6,6.0,11.06704760064062,1.3237072660887335,1.4114391405814233,1.4829156430370747,1.3237072660887335,0.8445079334401036
103830,6,6,6.0,3.199600534065625,1.3652668077163577,1.7922725802044044,1.8959680187665164,1.3652668077163577,-0.4667332443223959
103520,6,6,6.0,8.449757245991687,1.38987250171687,1.5202713753369168,1.5884005244461201,1.38987250171687,0.4082928743319478
LC716,6,6,6.0,8.733117251619028,1.471714125461648,1.7013198162668988,1.605159296213423,1.471714125461648,0.4555195419365048
LC738,6,6,6.0,4.662871374460041,1.4733857912724524,2.2078780450919977,1.91209746619096,1.4733857912724524,-0.2228547709233266
LC610,6,6,6.0,3.606437443103534,1.5670278728422493,2.519346449239122,1.9888415992871753,1.5670278728422493,-0.3989270928160777
103945,6,6,6.0,8.19166175530166,2.1991148283994657,2.747226692076769,1.9488612822178208,2.1991148283994657,0.36527695921694336
LC117,6,6,6.0,19.810260456137986,2.301710076022998,2.850992047825322,1.4374466614348294,2.301710076022998,2.301710076022998
LC631,6,6,6.0,13.359078628925403,3.0238658382587835,3.540273164300784,1.938665541342469,3.0238658382587835,1.2265131048209006
LC129,6,6,6.0,26.18375007683238,3.36395834613873,4.234972006595083,1.7572706719062827,3.36395834613873,3.36395834613873
LC874,6,6,6.0,16.517644146238634,3.4168826402144847,3.8271640790696124,1.9040954053042292,3.4168826402144847,1.7529406910397725
LC431,6,6,6.0,36.33737322483352,5.661475936283751,7.054943612755591,1.7010636139144502,5.661475936283751,5.056228870805586
103706,6,6,5.0,8.385912306902807,0.9996422875333079,1.2015884390414064,1.4260275157034439,1.1995707450399693,0.677182461380561
103154,6,6,5.0,6.834361196082927,1.3950522560084977,1.7642700355804148,1.828479134581251,1.6740627072101972,0.36687223921658535
104906,6,6,5.0,8.052436756199658,1.846351870247756,1.8901746138672346,1.7749585305395872,2.215622244297307,0.6104873512399317
103845,6,6,4.0,1.5092792972099287,0.8078938830043244,1.5144468034535048,1.9490554592273934,1.2118408245064867,-0.6226801756975178
103856,6,6,4.0,5.287964904408345,1.0963440661542614,1.3465290204816343,1.831314927990263,1.644516099231392,0.32199122610208647
103133,6,6,4.0,8.053578480612174,1.101588637908101,1.3721651923437581,1.4601804153488196,1.6523829568621515,1.0133946201530435
103424,6,6,4.0,6.209069556863298,1.1141159313435542,1.2255984760264544,1.617974772691829,1.6711738970153314,0.5522673892158244
103203,6,6,4.0,8.604162080943533,1.1603272449831565,1.4291030120814772,1.7242771603067595,1.7404908674747348,1.151040520235883
103336,6,6,4.0,7.524419899027552,1.213532893758217,1.4653637681888931,1.7689484924503758,1.8202993406373256,0.8811049747568881
103407,6,6,4.0,8.50001187401252,1.2168657244554633,1.4783375497242885,1.5304657836121376,1.825298586683195,1.1250029685031298
103877,6,6,4.0,9.077813268050582,1.2661330007201317,1.4805069417901986,1.7289514102360783,1.8991995010801976,1.2694533170126454
103530,6,6,4.0,9.751374482524712,1.2793738641242596,1.6328738483322336,1.712252237924643,1.9190607961863893,1.4378436206311775
LC719,6,6,4.0,6.811691163879314,1.2962747238314885,1.4751738429040615,1.6816377726777334,1.9444120857472327,0.7029227909698288
LC937,6,6,4.0,36.26882743616674,5.378137906027789,6.744634295012627,1.8618274240203607,8.067206859041685,8.067206859041685
LC741,6,6,3.0,1.3877295913984211,0.6593908091290852,1.1592251157237161,1.955283374235374,1.3187816182581704,-0.5374234695338597
LC644,6,6,3.0,1.736418991052199,0.6790838319780361,1.1215871455168585,1.933761198303405,1.3581676639560722,-0.4211936696492671
LC636,6,6,3.0,2.319835386368192,0.7796388187826188,1.1840338191174047,1.9355613535509064,1.5592776375652375,-0.2267215378772693
LC238,6,6,3.0,2.6158709847009787,0.8289780851714165,1.20725354138876,1.9355613535509064,1.657956170342833,-0.12804300509967378
LC635,6,6,3.0,4.6318969571493485,0.8951766972402028,1.0478289437707553,1.8175457817297052,1.7903533944804055,0.543965652383116
LC742,6,6,3.0,3.5866015117360375,0.9070303159761349,1.1593112332200728,1.8932108622384913,1.8140606319522699,0.19553383724534582
104907,6,6,3.0,6.704861145364674,1.5515494781992587,1.7921833885016198,1.958766809923449,3.1030989563985174,1.234953715121558
LC722,6,6,3.0,8.03024789381514,1.7140266381496447,1.9565840126228131,1.926269559707522,3.4280532762992895,1.676749297938381
LC829,6,6,3.0,17.63106835445243,2.4385113924087385,2.757682842928528,1.7539191724633545,4.877022784817477,4.877022784817477
LC404,6,6,3.0,22.38205920412931,3.230343200688218,3.7125954256531535,1.7968719053387288,6.460686401376436,6.460686401376436
LC554,6,6,3.0,24.963493106674935,3.894655025907475,5.056015402251697,1.710849848351124,7.78931005181495,7.321164368891645
LC963,6,6,3.0,27.70136597968383,4.116894329947304,4.713264258516003,1.8237552663810668,8.233788659894609,8.233788659894609
LC910,6,6,3.0,29.79580786109378,4.4659679768489635,5.673435987470081,1.8182007388974142,8.931935953697927,8.931935953697927
103144,6,6,2.0,1.5615503384910652,0.48327238988451376,0.7203551516534461,1.905344211936345,1.4498171696535413,-0.21922483075446741
103941,6,6,2.0,2.587735804850697,0.6642535848410562,0.8299410381483368,1.9127645582325632,1.9927607545231687,0.29386790242534855
103720,6,6,2.0,6.649495786532514,0.7878692985916341,0.9905710422329277,1.6699367692577773,2.3636078957749023,2.324747893266257
103719,6,6,2.0,7.928224841746457,0.9880374736244094,1.3653793658971225,1.6765019196235424,2.9641124208732283,2.9641124208732283
103111,6,6,2.0,8.183449126576189,1.030574854429365,1.312047700112366,1.7160319096723295,3.091724563288095,3.091724563288095
103206,6,6,2.0,8.732742554488533,1.1221237590814221,1.5192986591432442,1.7086482714838611,3.3663712772442667,3.3663712772442667
103966,6,6,2.0,9.397159100777484,1.2328598501295807,1.3436661343031906,1.721776825218038,3.6985795503887418,3.6985795503887418
103102,6,6,2.0,9.768173005352681,1.2946955008921137,1.5784514635338132,1.682959209884854,3.884086502676341,3.884086502676341
103570,6,6,2.0,9.821360753583123,1.3035601255971874,1.4231557321709931,1.753119228533816,3.910680376791562,3.910680376791562
LC977,6,6,2.0,7.779310662855694,1.4532411301187589,1.6911367838080371,1.8603567333259001,4.359723390356277,2.889655331427847
103840,6,6,2.0,11.333367222356127,1.5555612037260211,1.998022020772122,1.702064862014975,4.666683611178064,4.666683611178064
103110,6,6,2.0,12.262378795821773,1.7103964659702955,2.0846710243859845,1.7408484409204483,5.1311893979108865,5.1311893979108865
103309,6,6,2.0,9.199108362836142,1.7113418821347774,2.0250390615798954,1.8741233969640116,5.134025646404332,3.599554181418071
LC243,6,6,1.0,5.826921579019138,0.9754680296348147,1.1398673875594638,1.7816462096314474,5.852808177808888,4.826921579019138
LC986,6,6,1.0,8.632282886453233,1.423879253556555,1.695583997269449,1.7649714538478722,8.54327552133933,7.632282886453233
LC732,6,6,1.0,26.432029202017983,4.238671533669664,5.0586564929597655,1.772669037368303,25.432029202017983,25.432029202017983
LC914,6,6,0.0,1.107665389310651,0.18461089821844182,0.19063890901151784,2.0,1107665389.3106508,1107665389.3106508
LC915,6,6,0.0,1.107665389310651,0.18461089821844182,0.19063890901151784,2.0,1107665389.3106508,1107665389.3106508
LC916,6,6,0.0,1.107665389310651,0.18461089821844182,0.19063890901151784,2.0,1107665389.3106508,1107665389.3106508
104830,6,6,0.0,1.3093756163525208,0.21822926939208678,0.23424908872243305,2.0,1309375616.3525207,1309375616.3525207
104957,6,6,0.0,1.3093756163525208,0.21822926939208678,0.23424908872243305,2.0,1309375616.3525207,1309375616.3525207
AK101,6,6,0.0,1.3093756163525208,0.21822926939208678,0.23424908872243305,2.0,1309375616.3525207,1309375616.3525207
AK106,6,6,0.0,1.3093756163525208,0.21822926939208678,0.23424908872243305,2.0,1309375616.3525207,1309375616.3525207
AK110,6,6,0.0,1.3093756163525208,0.21822926939208678,0.23424908872243305,2.0,1309375616.3525207,1309375616.3525207
AK115,6,6,0.0,1.3093756163525208,0.21822926939208678,0.23424908872243305,2.0,1309375616.3525207,1309375616.3525207
AK119,6,6,0.0,1.3093756163525208,0.21822926939208678,0.23424908872243305,2.0,1309375616.3525207,1309375616.3525207
AK126,6,6,0.0,1.3093756163525208,0.21822926939208678,0.23424908872243305,2.0,1309375616.3525207,1309375616.3525207
AK127,6,6,0.0,1.3093756163525208,0.21822926939208678,0.23424908872243305,2.0,1309375616.3525207,1309375616.3525207
AK133,6,6,0.0,1.3093756163525208,0.21822926939208678,0.23424908872243305,2.0,1309375616.3525207,1309375616.3525207
AK135,6,6,0.0,1.3093756163525208,0.21822926939208678,0.23424908872243305,2.0,1309375616.3525207,1309375616.3525207
AK150,6,6,0.0,1.3093756163525208,0.21822926939208678,0.23424908872243305,2.0,1309375616.3525207,1309375616.3525207
AK151,6,6,0.0,1.3093756163525208,0.21822926939208678,0.23424908872243305,2.0,1309375616.3525207,1309375616.3525207
AK152,6,6,0.0,1.3093756163525208,0.21822926939208678,0.23424908872243305,2.0,1309375616.3525207,1309375616.3525207
AK153,6,6,0.0,1.3093756163525208,0.21822926939208678,0.23424908872243305,2.0,1309375616.3525207,1309375616.3525207
AK201,6,6,0.0,1.3093756163525208,0.21822926939208678,0.23424908872243305,2.0,1309375616.3525207,1309375616.3525207
AK202,6,6,0.0,1.3093756163525208,0.21822926939208678,0.23424908872243305,2.0,1309375616.3525207,1309375616.3525207
AK203,6,6,0.0,1.3093756163525208,0.21822926939208678,0.23424908872243305,2.0,1309375616.3525207,1309375616.3525207
AK207,6,6,0.0,1.3093756163525208,0.21822926939208678,0.23424908872243305,2.0,1309375616.3525207,1309375616.3525207
AK209,6,6,0.0,1.3093756163525208,0.21822926939208678,0.23424908872243305,2.0,1309375616.3525207,1309375616.3525207
AK213,6,6,0.0,1.3093756163525208,0.21822926939208678,0.23424908872243305,2.0,1309375616.3525207,1309375616.3525207
AK214,6,6,0.0,1.3093756163525208,0.21822926939208678,0.23424908872243305,2.0,1309375616.3525207,1309375616.3525207
AK216,6,6,0.0,1.3093756163525208,0.21822926939208678,0.23424908872243305,2.0,1309375616.3525207,1309375616.3525207
AK221,6,6,0.0,1.3093756163525208,0.21822926939208678,0.23424908872243305,2.0,1309375616.3525207,1309375616.3525207
AK227,6,6,0.0,1.3093756163525208,0.21822926939208678,0.23424908872243305,2.0,1309375616.3525207,1309375616.3525207
AK236,6,6,0.0,1.3093756163525208,0.21822926939208678,0.23424908872243305,2.0,1309375616.3525207,1309375616.3525207
AK402,6,6,0.0,1.3093756163525208,0.21822926939208678,0.23424908872243305,2.0,1309375616.3525207,1309375616.3525207
AK433,6,6,0.0,1.3093756163525208,0.21822926939208678,0.23424908872243305,2.0,1309375616.3525207,1309375616.3525207
AK551,6,6,0.0,1.3093756163525208,0.21822926939208678,0.23424908872243305,2.0,1309375616.3525207,1309375616.3525207
AK555,6,6,0.0,1.3093756163525208,0.21822926939208678,0.23424908872243305,2.0,1309375616.3525207,1309375616.3525207
AK557,6,6,0.0,1.3093756163525208,0.21822926939208678,0.23424908872243305,2.0,1309375616.3525207,1309375616.3525207
AK560,6,6,0.0,1.3093756163525208,0.21822926939208678,0.23424908872243305,2.0,1309375616.3525207,1309375616.3525207
AK561,6,6,0.0,1.3093756163525208,0.21822926939208678,0.23424908872243305,2.0,1309375616.3525207,1309375616.3525207
AK568,6,6,0.0,1.3093756163525208,0.21822926939208678,0.23424908872243305,2.0,1309375616.3525207,1309375616.3525207
AK570,6,6,0.0,1.3093756163525208,0.21822926939208678,0.23424908872243305,2.0,1309375616.3525207,1309375616.3525207
AK814,6,6,0.0,1.3093756163525208,0.21822926939208678,0.23424908872243305,2.0,1309375616.3525207,1309375616.3525207
AK840,6,6,0.0,1.3093756163525208,0.21822926939208678,0.23424908872243305,2.0,1309375616.3525207,1309375616.3525207
AK841,6,6,0.0,1.3093756163525208,0.21822926939208678,0.23424908872243305,2.0,1309375616.3525207,1309375616.3525207
AK842,6,6,0.0,1.3093756163525208,0.21822926939208678,0.23424908872243305,2.0,1309375616.3525207,1309375616.3525207
AK845,6,6,0.0,1.3093756163525208,0.21822926939208678,0.23424908872243305,2.0,1309375616.3525207,1309375616.3525207
AK850,6,6,0.0,1.3093756163525208,0.21822926939208678,0.23424908872243305,2.0,1309375616.3525207,1309375616.3525207
AK874,6,6,0.0,1.3093756163525208,0.21822926939208678,0.23424908872243305,2.0,1309375616.3525207,1309375616.3525207
AK875,6,6,0.0,1.3093756163525208,0.21822926939208678,0.23424908872243305,2.0,1309375616.3525207,1309375616.3525207
AK876,6,6,0.0,1.3093756163525208,0.21822926939208678,0.23424908872243305,2.0,1309375616.3525207,1309375616.3525207
AK877,6,6,0.0,1.3093756163525208,0.21822926939208678,0.23424908872243305,2.0,1309375616.3525207,1309375616.3525207
AK944,6,6,0.0,1.3093756163525208,0.21822926939208678,0.23424908872243305,2.0,1309375616.3525207,1309375616.3525207
AK945,6,6,0.0,1.3093756163525208,0.21822926939208678,0.23424908872243305,2.0,1309375616.3525207,1309375616.3525207
AK954,6,6,0.0,1.3093756163525208,0.21822926939208678,0.23424908872243305,2.0,1309375616.3525207,1309375616.3525207
AK965,6,6,0.0,1.3093756163525208,0.21822926939208678,0.23424908872243305,2.0,1309375616.3525207,1309375616.3525207
AK966,6,6,0.0,1.3093756163525208,0.21822926939208678,0.23424908872243305,2.0,1309375616.3525207,1309375616.3525207
AK975,6,6,0.0,1.3093756163525208,0.21822926939208678,0.23424908872243305,2.0,1309375616.3525207,1309375616.3525207
AK977,6,6,0.0,1.3093756163525208,0.21822926939208678,0.23424908872243305,2.0,1309375616.3525207,1309375616.3525207
LC233,6,6,0.0,1.3093756163525208,0.21822926939208678,0.23424908872243305,2.0,1309375616.3525207,1309375616.3525207
LC632,6,6,0.0,1.3093756163525208,0.21822926939208678,0.23424908872243305,2.0,1309375616.3525207,1309375616.3525207
LC646,6,6,0.0,1.3093756163525208,0.21822926939208678,0.23424908872243305,2.0,1309375616.3525207,1309375616.3525207
LC826,6,6,0.0,1.3093756163525208,0.21822926939208678,0.23424908872243305,2.0,1309375616.3525207,1309375616.3525207
104739,6,6,0.0,1.8695124128428982,0.311585402140483,0.33099745527860747,2.0,1869512412.8428981,1869512412.8428981
104737,6,6,0.0,1.9315470853390417,0.32192451422317364,0.33624320989929984,2.0,1931547085.3390417,1931547085.3390417
103123,6,6,0.0,2.061314503882939,0.34355241731382313,0.4215760176449887,2.0,2061314503.8829386,2061314503.8829386
104738,6,6,0.0,2.178973568232868,0.36316226137214463,0.3731651945852988,2.0,2178973568.2328677,2178973568.2328677
104742,6,6,0.0,2.178973568232868,0.36316226137214463,0.3731651945852988,2.0,2178973568.2328677,2178973568.2328677
104743,6,6,0.0,2.178973568232868,0.36316226137214463,0.3731651945852988,2.0,2178973568.2328677,2178973568.2328677
104901,6,6,0.0,2.178973568232868,0.36316226137214463,0.3731651945852988,2.0,2178973568.2328677,2178973568.2328677
LC648,6,6,0.0,2.217736693367478,0.369622782227913,0.4391676208103634,2.0,2217736693.367478,2217736693.367478
LC921,6,6,0.0,3.2259161474995968,0.5376526912499328,0.6978391213767783,2.0,3225916147.4995966,3225916147.4995966
LC612,6,6,0.0,3.577665541190253,0.5962775901983756,0.6886727780710704,2.0,3577665541.190253,3577665541.190253
103227,6,6,0.0,4.025575166706683,0.6709291944511139,0.8160259194753894,2.0,4025575166.7066827,4025575166.7066827
103874,6,6,0.0,4.383669938941243,0.7306116564902072,0.8509724700775053,2.0,4383669938.941243,4383669938.941243
LC947,6,6,0.0,4.3987320104543475,0.7331220017423913,0.8689807186217717,2.0,4398732010.454348,4398732010.454348
104740,6,6,0.0,4.516482627090173,0.7527471045150288,0.8741706972470983,2.0,4516482627.090172,4516482627.090172
104741,6,6,0.0,4.516482627090173,0.7527471045150288,0.8741706972470983,2.0,4516482627.090172,4516482627.090172
LC564,6,6,0.0,4.763197357181306,0.7938662261968843,0.9388246304500782,2.0,4763197357.181306,4763197357.181306
LC832,6,6,0.0,4.878614137208731,0.8131023562014552,0.992045184737687,2.0,4878614137.208731,4878614137.208731
LC848,6,6,0.0,5.742334547973104,0.9570557579955173,1.1755597964979605,2.0,5742334547.973104,5742334547.973104
103851,6,6,0.0,6.255267942442125,1.0425446570736876,1.2580148881082203,2.0,6255267942.442124,6255267942.442124
103557,6,6,0.0,6.3384448328775465,1.0564074721462577,1.2317661896514895,2.0,6338444832.877546,6338444832.877546
103528,6,6,0.0,6.547070115526137,1.0911783525876895,1.349684468551189,2.0,6547070115.526136,6547070115.526136
103148,6,6,0.0,6.875440628515823,1.1459067714193039,1.442192383009109,2.0,6875440628.515822,6875440628.515822
103213,6,6,0.0,6.948549600584519,1.1580916000974197,1.4281508415095243,2.0,6948549600.584518,6948549600.584518
103149,6,6,0.0,7.115413066775615,1.1859021777959358,1.4941247235397563,2.0,7115413066.775614,7115413066.775614
LC437,6,6,0.0,7.365090309514646,1.2275150515857745,1.449898170772076,2.0,7365090309.514646,7365090309.514646
LC743,6,6,0.0,7.654419960661173,1.2757366601101954,1.6513820502526633,2.0,7654419960.661172,7654419960.661172
LC523,6,6,0.0,7.708735305895266,1.284789217649211,1.421992781478097,2.0,7708735305.895266,7708735305.895266
103202,6,6,0.0,7.827036354367112,1.3045060590611854,1.6471828747439388,2.0,7827036354.367112,7827036354.367112
103314,6,6,0.0,7.94840793461434,1.3247346557690567,1.660773825560028,2.0,7948407934.61434,7948407934.61434
LC718,6,6,0.0,8.002276148045457,1.3337126913409094,1.6080964585007649,2.0,8002276148.045457,8002276148.045457
LC510,6,6,0.0,8.184611012746982,1.3641018354578305,1.7365063069450377,2.0,8184611012.746982,8184611012.746982
103324,6,6,0.0,8.736402395786106,1.456067065964351,1.8826367509814332,2.0,8736402395.786106,8736402395.786106
103560,6,6,0.0,8.93080567276407,1.488467612127345,1.8618398387712232,2.0,8930805672.764069,8930805672.764069
LC322,6,6,0.0,8.944587188925647,1.490764531487608,1.6580537975250706,2.0,8944587188.925646,8944587188.925646
103209,6,6,0.0,9.352697672382515,1.5587829453970858,1.7796647335170006,2.0,9352697672.382515,9352697672.382515
LC622,6,6,0.0,11.02377496739123,1.8372958278985383,1.918339226180009,2.0,11023774967.39123,11023774967.39123
LC931,6,6,0.0,12.3715876735614,2.0619312789269,2.2347172451638513,2.0,12371587673.5614,12371587673.5614
LC626,6,6,0.0,14.13689038588982,2.3561483976483033,2.585543689436141,2.0,14136890385.88982,14136890385.88982
LC645,6,6,0.0,17.0820058555196,2.8470009759199333,3.5618653461287795,2.0,17082005855.5196,17082005855.5196
LC441,6,6,0.0,17.60250073187458,2.933750121979097,3.6102069940881845,2.0,17602500731.87458,17602500731.87458
LC962,6,6,0.0,21.426851708748693,3.5711419514581153,4.3038371629915915,2.0,21426851708.74869,21426851708.74869
LC606,6,6,0.0,22.403939714658378,3.733989952443063,4.602325718207601,2.0,22403939714.658375,22403939714.658375
LC434,6,6,0.0,22.828791815818093,3.804798635969682,4.138460978036631,2.0,22828791815.818092,22828791815.818092
LC630,6,6,0.0,25.123614859385377,4.187269143230896,5.5071427137597295,2.0,25123614859.385376,25123614859.385376
LC151,6,6,0.0,25.131205783214593,4.188534297202432,4.855595890207056,2.0,25131205783.214592,25131205783.214592
LC614,6,6,0.0,30.994347188494284,5.165724531415714,6.593800271250245,2.0,30994347188.49428,30994347188.49428
LC611,6,6,0.0,31.663222052209566,5.277203675368261,6.54007225034603,2.0,31663222052.209564,31663222052.209564
LC321,6,6,0.0,34.232315761918336,5.705385960319723,7.537437024979574,2.0,34232315761.918335,34232315761.918335
LC337,6,6,0.0,37.554742012672875,6.2591236687788125,7.826566776444771,2.0,37554742012.672874,37554742012.672874
LC105,6,6,0.0,44.453141041298665,7.408856840216444,8.566653279920473,2.0,44453141041.29866,44453141041.29866
