product_id,y_true_2019-06,y_true_2019-07,y_true_2019-08,y_true_2019-09,y_true_2019-10,y_true_2019-11,y_pred_2019-06,y_pred_2019-07,y_pred_2019-08,y_pred_2019-09,y_pred_2019-10,y_pred_2019-11
103101,2.0,5.0,0.0,0.0,0.0,0.0,2.569966462786467,1.5509249294710894,0.6467093147132386,2.526862454953707,0.8165534910839487,0.3852425599911122
103102,0.0,2.0,0.0,0.0,0.0,0.0,3.0773550469198736,2.2055576913276087,1.011646579377605,1.624444143750849,1.104479891720182,0.7446896522565633
103110,0.0,2.0,0.0,0.0,0.0,0.0,3.588027601743959,3.144994450618141,0.8466524245770305,3.1521284318075127,0.947084622501807,0.5834912645733211
103111,0.0,2.0,0.0,0.0,0.0,0.0,2.8014565623067917,2.695363242379809,0.5994087636398692,1.0368582588843676,0.5997790717955427,0.4505832275698089
103123,0.0,0.0,0.0,0.0,0.0,0.0,0.696455970236926,0.6706017658512079,0.1077320582646756,0.2348576109892153,0.214571238691956,0.1370958598489579
103125,2.0,4.0,0.0,0.0,0.0,0.0,3.192654665162865,2.56240200205411,1.2839369946826926,2.279357426461207,1.0875562548761173,0.6611402574036294
103133,2.0,2.0,0.0,0.0,0.0,0.0,1.3990884009285909,1.3229349256531933,0.8060252384411986,2.9144754084288125,0.9395424053700532,0.6715121017903257
103144,0.0,2.0,0.0,0.0,0.0,0.0,0.3210012368362397,0.3309579995919912,0.156164609392015,0.315528732054779,0.2684629366489368,0.1694348239671033
103148,0.0,0.0,0.0,0.0,0.0,0.0,2.532028460543003,2.0543271590302603,0.3994651371740665,1.1848602587849584,0.487056700605125,0.2177029123784096
103149,0.0,0.0,0.0,0.0,0.0,0.0,2.6341838093584835,2.121611268239125,0.4199161619219001,1.2130854905541075,0.5089134243235884,0.2177029123784096
103153,2.0,4.0,2.0,0.0,0.0,0.0,3.258438310099972,2.1788130873173395,0.9550966208419562,4.099381278451991,1.3180267978151696,1.0181118708140129
103154,5.0,0.0,0.0,0.0,0.0,0.0,1.7320238300159705,1.3033210980852683,0.5624558982105917,2.360285691190055,0.5529079382134997,0.3233667403675415
103202,0.0,0.0,0.0,0.0,0.0,0.0,2.9017554688530893,2.4533616827008977,0.512121277970472,1.077677746534402,0.5580529451744262,0.3240672331338255
103203,0.0,4.0,0.0,0.0,0.0,0.0,2.8844047565018065,2.8210993055222966,0.5723329741306392,1.2327666521437337,0.7694911595112316,0.3240672331338255
103206,0.0,2.0,0.0,0.0,0.0,0.0,3.345518571654752,2.576370080672013,0.6515858737505738,1.1436007619033937,0.703711987393672,0.3119552791141285
103209,0.0,0.0,0.0,0.0,0.0,0.0,2.5595904087256867,2.844688135398078,0.850902346430847,1.555513769201621,0.8870644190330855,0.6549385935931981
103213,0.0,0.0,0.0,0.0,0.0,0.0,2.6147443005016724,1.8450537281319348,0.4547402164158626,1.1848602587849584,0.5371958176359626,0.3119552791141285
103227,0.0,0.0,0.0,0.0,0.0,0.0,1.2488662094676095,1.3549502537413882,0.2408487472610888,0.6051879596342298,0.3580190842239576,0.2177029123784096
103309,0.0,0.0,2.0,0.0,0.0,0.0,3.215777201503633,3.080991340877029,0.4655285350137392,1.3244463222869742,0.703711987393672,0.4086529757610959
103314,0.0,0.0,0.0,0.0,0.0,0.0,2.772057577398192,2.6077212012296336,0.4130305589385288,1.169161030043152,0.6354225609674159,0.3510150060374191
103316,5.0,2.0,0.0,0.0,0.0,0.0,2.775677204228157,1.7371281926986757,0.6814373530616336,2.3302964403297333,1.0892503997269651,0.9412415775779552
103324,0.0,0.0,0.0,0.0,0.0,0.0,3.345518571654752,2.8210993055222966,0.5125291630860342,1.2130854905541075,0.532214585854786,0.3119552791141285
103336,0.0,4.0,0.0,0.0,0.0,0.0,2.6341838093584835,2.121611268239125,0.4573043845118566,1.2327666521437337,0.7694911595112316,0.3090626252631221
103407,0.0,2.0,2.0,0.0,0.0,0.0,2.6281304839045347,2.222018600656936,0.5994087636398692,1.809177126615816,0.8957452552261911,0.3455316439691718
103424,0.0,2.0,2.0,0.0,0.0,0.0,1.2488662094676095,1.3549502537413882,0.4072367306595982,1.840219398621651,0.9884830400041104,0.3693139243689401
103520,0.0,4.0,2.0,0.0,0.0,0.0,2.362743094508833,2.423186720419003,0.6320743974262304,1.6879336701556438,0.9678737917646376,0.375945571717339
103528,0.0,0.0,0.0,0.0,0.0,0.0,2.388003703340106,1.769399473885413,0.3994651371740665,1.2854421881430174,0.487056700605125,0.2177029123784096
103530,0.0,4.0,0.0,0.0,0.0,0.0,3.4152837476056663,3.037565648889577,0.7246587869253424,1.4758063745169347,0.7739926914533647,0.3240672331338255
103557,0.0,0.0,0.0,0.0,0.0,0.0,1.8114160936700625,1.9288459051298603,0.6061286637990592,1.1642124086541512,0.5487715481822949,0.2790702134421178
103558,2.0,6.0,2.0,0.0,0.0,0.0,2.797052286170252,2.4264511959027724,0.59231725180434,2.213599628009169,1.094781712627369,0.386624542680742
103560,0.0,0.0,0.0,0.0,0.0,0.0,3.3086325520693944,2.695363242379809,0.5994087636398692,1.2812796272464058,0.6618045833498375,0.3843169040787542
103570,2.0,0.0,0.0,0.0,0.0,0.0,3.400717623389169,2.42878746738919,0.8318446099580643,1.429056939015485,1.0371522497769223,0.6938018640542936
103571,2.0,2.0,0.0,0.0,3.0,0.0,2.922081964218775,2.695363242379809,0.6484218118245779,1.7279585905361907,0.6425791441523103,0.4768785803523452
103706,3.0,0.0,0.0,2.0,0.0,0.0,1.871571274469891,2.3348616162257625,0.8367386761227439,1.8224580163815884,0.9193204393717628,0.600962284331057
103719,0.0,2.0,0.0,0.0,0.0,0.0,2.966163837103104,2.121611268239125,0.6596307868606084,1.1577204184716452,0.703711987393672,0.3193865436783018
103720,0.0,2.0,0.0,0.0,0.0,0.0,1.879465792742956,1.961139997491354,0.6596307868606084,1.1577204184716452,0.703711987393672,0.2878268035722775
103830,0.0,4.0,2.0,0.0,0.0,0.0,0.3210012368362397,0.3309579995919912,0.1730418442917488,1.2648722298122148,0.8333505054639685,0.2763767180694615
103837,5.0,2.0,2.0,0.0,0.0,0.0,3.722469494892693,2.554404935121304,1.1314155401960415,3.5428617587762643,1.8659828031709744,0.793230732728363
103840,0.0,2.0,0.0,0.0,0.0,0.0,3.467839209221677,2.4752470029243394,0.8466524245770305,3.1521284318075127,0.8956414979872612,0.4958586558383056
103845,0.0,4.0,0.0,0.0,0.0,0.0,0.3210012368362397,0.3309579995919912,0.1730418442917488,0.2863977906334374,0.2502341557448586,0.147646270111653
103851,0.0,0.0,0.0,0.0,0.0,0.0,1.879465792742956,1.961139997491354,0.4244603510812637,1.2854421881430174,0.487056700605125,0.2177029123784096
103856,0.0,4.0,0.0,0.0,0.0,0.0,1.2488662094676095,1.3549502537413882,0.4573043845118566,1.2327666521437337,0.7205913658871596,0.2734860386565981
103857,0.0,6.0,0.0,2.0,0.0,0.0,2.2006361648471606,1.8518404208686785,0.6157985117562234,2.2801844250632826,0.8174034141219514,0.5771429625693364
103871,0.0,0.0,0.0,10.0,3.0,0.0,2.6341838093584835,1.9375623479854436,0.4199161619219001,1.2130854905541075,1.131127560361599,0.5575027718813038
103874,0.0,0.0,0.0,0.0,0.0,0.0,1.2497175989405165,1.2744230734142008,0.313906974271433,0.9225702757918932,0.3987217991833193,0.2243302173398801
103877,0.0,4.0,0.0,0.0,0.0,0.0,2.775677204228157,2.7405076318648955,0.508611524233331,1.5595196277075265,0.9120448078024112,0.5814524722142607
103894,6.0,4.0,0.0,0.0,0.0,0.0,2.0980520514971874,1.7094970035145147,1.4497608522206211,3.235142762969743,1.5140386609965282,0.7551584897690741
103941,0.0,2.0,0.0,0.0,0.0,0.0,0.4382221132508198,0.3011071479021801,0.2824444806153868,0.8236507861858205,0.4732553427741882,0.2690559341223019
103944,0.0,7.0,0.0,0.0,0.0,0.0,5.730864270290391,3.824709690887619,3.9390500122715664,4.916692570479627,2.1593496588575114,1.0635797300184398
103945,0.0,0.0,6.0,0.0,0.0,0.0,2.295118652221677,2.449582262258554,0.4984863924524319,1.6805580093465642,0.8796926835422245,0.3882237554802086
103954,5.0,13.0,0.0,10.0,0.0,0.0,7.994471334006553,8.562690206386876,4.534599477319422,3.704065203854113,2.761418922501379,1.4993375128528927
103966,0.0,2.0,0.0,0.0,0.0,0.0,1.87361876132378,2.792315860741076,0.9974419201479412,2.062729784486129,0.991197775099072,0.6798549989794852
103968,5.0,7.0,2.0,0.0,0.0,0.0,2.4127889937663345,1.9973393726858848,0.5523613290940552,2.3018359858401607,1.162159738532953,0.5580679837344584
104737,0.0,0.0,0.0,0.0,0.0,0.0,0.428140047970306,0.2439176428947672,0.1639249265908354,0.3442191650815182,0.4386772656790453,0.3126680371225698
104738,0.0,0.0,0.0,0.0,0.0,0.0,0.472820972451812,0.3449740183159598,0.1977821380845609,0.4174930112006227,0.3988619318044935,0.3470414963754191
104739,0.0,0.0,0.0,0.0,0.0,0.0,0.4986593984432866,0.227689314941663,0.1530186738211155,0.3167621215037213,0.3931584719284855,0.2802244322046263
104740,0.0,0.0,0.0,0.0,0.0,0.0,0.5295448477295933,0.8134495465281635,0.5529568495180498,1.7072913882907348,0.5081938805972621,0.4050461144263696
104741,0.0,0.0,0.0,0.0,0.0,0.0,0.5295448477295933,0.8134495465281635,0.5529568495180498,1.7072913882907348,0.5081938805972621,0.4050461144263696
104742,0.0,0.0,0.0,0.0,0.0,0.0,0.472820972451812,0.3449740183159598,0.1977821380845609,0.4174930112006227,0.3988619318044935,0.3470414963754191
104743,0.0,0.0,0.0,0.0,0.0,0.0,0.472820972451812,0.3449740183159598,0.1977821380845609,0.4174930112006227,0.3988619318044935,0.3470414963754191
104830,0.0,0.0,0.0,0.0,0.0,0.0,0.3210012368362397,0.3309579995919912,0.1021351030250195,0.2017767261305709,0.2156923683119547,0.1378121824567447
104901,0.0,0.0,0.0,0.0,0.0,0.0,0.472820972451812,0.3449740183159598,0.1977821380845609,0.4174930112006227,0.3988619318044935,0.3470414963754191
104906,2.0,0.0,3.0,0.0,0.0,0.0,0.472820972451812,2.177146149474769,0.5143417949047496,1.5813347783274512,1.9833682862160853,1.3234247748247918
104907,0.0,0.0,3.0,0.0,0.0,0.0,0.472820972451812,0.3449740183159598,0.1977821380845609,2.000456973150281,2.212506932271598,1.476320111090462
104957,0.0,0.0,0.0,0.0,0.0,0.0,0.3210012368362397,0.3309579995919912,0.1021351030250195,0.2017767261305709,0.2156923683119547,0.1378121824567447
AK101,0.0,0.0,0.0,0.0,0.0,0.0,0.3210012368362397,0.3309579995919912,0.1021351030250195,0.2017767261305709,0.2156923683119547,0.1378121824567447
AK106,0.0,0.0,0.0,0.0,0.0,0.0,0.3210012368362397,0.3309579995919912,0.1021351030250195,0.2017767261305709,0.2156923683119547,0.1378121824567447
AK110,0.0,0.0,0.0,0.0,0.0,0.0,0.3210012368362397,0.3309579995919912,0.1021351030250195,0.2017767261305709,0.2156923683119547,0.1378121824567447
AK115,0.0,0.0,0.0,0.0,0.0,0.0,0.3210012368362397,0.3309579995919912,0.1021351030250195,0.2017767261305709,0.2156923683119547,0.1378121824567447
AK119,0.0,0.0,0.0,0.0,0.0,0.0,0.3210012368362397,0.3309579995919912,0.1021351030250195,0.2017767261305709,0.2156923683119547,0.1378121824567447
AK126,0.0,0.0,0.0,0.0,0.0,0.0,0.3210012368362397,0.3309579995919912,0.1021351030250195,0.2017767261305709,0.2156923683119547,0.1378121824567447
AK127,0.0,0.0,0.0,0.0,0.0,0.0,0.3210012368362397,0.3309579995919912,0.1021351030250195,0.2017767261305709,0.2156923683119547,0.1378121824567447
AK133,0.0,0.0,0.0,0.0,0.0,0.0,0.3210012368362397,0.3309579995919912,0.1021351030250195,0.2017767261305709,0.2156923683119547,0.1378121824567447
AK135,0.0,0.0,0.0,0.0,0.0,0.0,0.3210012368362397,0.3309579995919912,0.1021351030250195,0.2017767261305709,0.2156923683119547,0.1378121824567447
AK150,0.0,0.0,0.0,0.0,0.0,0.0,0.3210012368362397,0.3309579995919912,0.1021351030250195,0.2017767261305709,0.2156923683119547,0.1378121824567447
AK151,0.0,0.0,0.0,0.0,0.0,0.0,0.3210012368362397,0.3309579995919912,0.1021351030250195,0.2017767261305709,0.2156923683119547,0.1378121824567447
AK152,0.0,0.0,0.0,0.0,0.0,0.0,0.3210012368362397,0.3309579995919912,0.1021351030250195,0.2017767261305709,0.2156923683119547,0.1378121824567447
AK153,0.0,0.0,0.0,0.0,0.0,0.0,0.3210012368362397,0.3309579995919912,0.1021351030250195,0.2017767261305709,0.2156923683119547,0.1378121824567447
AK201,0.0,0.0,0.0,0.0,0.0,0.0,0.3210012368362397,0.3309579995919912,0.1021351030250195,0.2017767261305709,0.2156923683119547,0.1378121824567447
AK202,0.0,0.0,0.0,0.0,0.0,0.0,0.3210012368362397,0.3309579995919912,0.1021351030250195,0.2017767261305709,0.2156923683119547,0.1378121824567447
AK203,0.0,0.0,0.0,0.0,0.0,0.0,0.3210012368362397,0.3309579995919912,0.1021351030250195,0.2017767261305709,0.2156923683119547,0.1378121824567447
AK207,0.0,0.0,0.0,0.0,0.0,0.0,0.3210012368362397,0.3309579995919912,0.1021351030250195,0.2017767261305709,0.2156923683119547,0.1378121824567447
AK209,0.0,0.0,0.0,0.0,0.0,0.0,0.3210012368362397,0.3309579995919912,0.1021351030250195,0.2017767261305709,0.2156923683119547,0.1378121824567447
AK213,0.0,0.0,0.0,0.0,0.0,0.0,0.3210012368362397,0.3309579995919912,0.1021351030250195,0.2017767261305709,0.2156923683119547,0.1378121824567447
AK214,0.0,0.0,0.0,0.0,0.0,0.0,0.3210012368362397,0.3309579995919912,0.1021351030250195,0.2017767261305709,0.2156923683119547,0.1378121824567447
AK216,0.0,0.0,0.0,0.0,0.0,0.0,0.3210012368362397,0.3309579995919912,0.1021351030250195,0.2017767261305709,0.2156923683119547,0.1378121824567447
AK221,0.0,0.0,0.0,0.0,0.0,0.0,0.3210012368362397,0.3309579995919912,0.1021351030250195,0.2017767261305709,0.2156923683119547,0.1378121824567447
AK227,0.0,0.0,0.0,0.0,0.0,0.0,0.3210012368362397,0.3309579995919912,0.1021351030250195,0.2017767261305709,0.2156923683119547,0.1378121824567447
AK236,0.0,0.0,0.0,0.0,0.0,0.0,0.3210012368362397,0.3309579995919912,0.1021351030250195,0.2017767261305709,0.2156923683119547,0.1378121824567447
AK402,0.0,0.0,0.0,0.0,0.0,0.0,0.3210012368362397,0.3309579995919912,0.1021351030250195,0.2017767261305709,0.2156923683119547,0.1378121824567447
AK433,0.0,0.0,0.0,0.0,0.0,0.0,0.3210012368362397,0.3309579995919912,0.1021351030250195,0.2017767261305709,0.2156923683119547,0.1378121824567447
AK551,0.0,0.0,0.0,0.0,0.0,0.0,0.3210012368362397,0.3309579995919912,0.1021351030250195,0.2017767261305709,0.2156923683119547,0.1378121824567447
AK555,0.0,0.0,0.0,0.0,0.0,0.0,0.3210012368362397,0.3309579995919912,0.1021351030250195,0.2017767261305709,0.2156923683119547,0.1378121824567447
AK557,0.0,0.0,0.0,0.0,0.0,0.0,0.3210012368362397,0.3309579995919912,0.1021351030250195,0.2017767261305709,0.2156923683119547,0.1378121824567447
AK560,0.0,0.0,0.0,0.0,0.0,0.0,0.3210012368362397,0.3309579995919912,0.1021351030250195,0.2017767261305709,0.2156923683119547,0.1378121824567447
AK561,0.0,0.0,0.0,0.0,0.0,0.0,0.3210012368362397,0.3309579995919912,0.1021351030250195,0.2017767261305709,0.2156923683119547,0.1378121824567447
AK568,0.0,0.0,0.0,0.0,0.0,0.0,0.3210012368362397,0.3309579995919912,0.1021351030250195,0.2017767261305709,0.2156923683119547,0.1378121824567447
AK570,0.0,0.0,0.0,0.0,0.0,0.0,0.3210012368362397,0.3309579995919912,0.1021351030250195,0.2017767261305709,0.2156923683119547,0.1378121824567447
AK814,0.0,0.0,0.0,0.0,0.0,0.0,0.3210012368362397,0.3309579995919912,0.1021351030250195,0.2017767261305709,0.2156923683119547,0.1378121824567447
AK840,0.0,0.0,0.0,0.0,0.0,0.0,0.3210012368362397,0.3309579995919912,0.1021351030250195,0.2017767261305709,0.2156923683119547,0.1378121824567447
AK841,0.0,0.0,0.0,0.0,0.0,0.0,0.3210012368362397,0.3309579995919912,0.1021351030250195,0.2017767261305709,0.2156923683119547,0.1378121824567447
AK842,0.0,0.0,0.0,0.0,0.0,0.0,0.3210012368362397,0.3309579995919912,0.1021351030250195,0.2017767261305709,0.2156923683119547,0.1378121824567447
AK845,0.0,0.0,0.0,0.0,0.0,0.0,0.3210012368362397,0.3309579995919912,0.1021351030250195,0.2017767261305709,0.2156923683119547,0.1378121824567447
AK850,0.0,0.0,0.0,0.0,0.0,0.0,0.3210012368362397,0.3309579995919912,0.1021351030250195,0.2017767261305709,0.2156923683119547,0.1378121824567447
AK874,0.0,0.0,0.0,0.0,0.0,0.0,0.3210012368362397,0.3309579995919912,0.1021351030250195,0.2017767261305709,0.2156923683119547,0.1378121824567447
AK875,0.0,0.0,0.0,0.0,0.0,0.0,0.3210012368362397,0.3309579995919912,0.1021351030250195,0.2017767261305709,0.2156923683119547,0.1378121824567447
AK876,0.0,0.0,0.0,0.0,0.0,0.0,0.3210012368362397,0.3309579995919912,0.1021351030250195,0.2017767261305709,0.2156923683119547,0.1378121824567447
AK877,0.0,0.0,0.0,0.0,0.0,0.0,0.3210012368362397,0.3309579995919912,0.1021351030250195,0.2017767261305709,0.2156923683119547,0.1378121824567447
AK944,0.0,0.0,0.0,0.0,0.0,0.0,0.3210012368362397,0.3309579995919912,0.1021351030250195,0.2017767261305709,0.2156923683119547,0.1378121824567447
AK945,0.0,0.0,0.0,0.0,0.0,0.0,0.3210012368362397,0.3309579995919912,0.1021351030250195,0.2017767261305709,0.2156923683119547,0.1378121824567447
AK954,0.0,0.0,0.0,0.0,0.0,0.0,0.3210012368362397,0.3309579995919912,0.1021351030250195,0.2017767261305709,0.2156923683119547,0.1378121824567447
AK965,0.0,0.0,0.0,0.0,0.0,0.0,0.3210012368362397,0.3309579995919912,0.1021351030250195,0.2017767261305709,0.2156923683119547,0.1378121824567447
AK966,0.0,0.0,0.0,0.0,0.0,0.0,0.3210012368362397,0.3309579995919912,0.1021351030250195,0.2017767261305709,0.2156923683119547,0.1378121824567447
AK975,0.0,0.0,0.0,0.0,0.0,0.0,0.3210012368362397,0.3309579995919912,0.1021351030250195,0.2017767261305709,0.2156923683119547,0.1378121824567447
AK977,0.0,0.0,0.0,0.0,0.0,0.0,0.3210012368362397,0.3309579995919912,0.1021351030250195,0.2017767261305709,0.2156923683119547,0.1378121824567447
LC101,58.0,84.0,132.0,32.0,41.0,12.0,45.91226757060529,21.63316377151413,29.08861051655556,12.972058100070925,12.678477159645462,13.369101641989518
LC102,43.0,48.0,47.0,32.0,46.0,22.0,53.42521824936113,23.400698360691333,17.53088690959366,10.898549957851474,10.890966710214316,11.443635222665716
LC1027,0.0,0.0,0.0,600.0,0.0,0.0,0.3210012368362397,0.3309579995919912,0.1021351030250195,0.2017767261305709,4.398818606156406,1.232523529317228
LC103,15.0,58.0,58.0,9.0,29.0,24.0,27.62152224452401,18.61081577702879,16.36795366855502,11.286908753469246,13.005231041943624,9.672538495082255
LC104,30.0,3.0,3.0,0.0,0.0,0.0,2.557077534195156,7.22771301730843,3.1058494864936828,4.919633290539203,2.423007902687363,1.5825894579837287
LC105,0.0,0.0,0.0,0.0,0.0,0.0,9.397682530299068,16.001852316874377,4.051881893486794,4.515467663686279,3.800631911147277,6.685624725804869
LC106,58.0,95.0,76.0,57.0,32.0,38.0,101.67446667258478,26.241212504188237,34.924915717695654,10.154837791854096,18.216581439752005,18.4807283320961
LC107,232.0,161.0,110.0,112.0,103.0,38.0,168.98726416944027,97.16254785998764,59.52980302890435,24.399230632124084,41.8768498565234,44.66311877754499
LC108,110.0,132.0,0.0,40.0,62.0,40.0,68.66675989339483,41.8515705960736,37.722378727399295,15.69488393918266,17.300452684667334,12.59043574015476
LC109,87.0,133.0,29.0,35.0,72.0,30.0,37.22304265008744,25.21363722346873,33.263895493966324,5.844195350476403,14.050416833800472,15.287508532459578
LC110,6.0,171.0,81.0,30.0,18.0,12.0,62.13783644546493,23.9072187611546,28.503478975037364,18.719611104279853,15.142646722682054,18.04349766633161
LC111,38.0,83.0,58.0,37.0,66.0,15.0,42.98194078286458,18.491349554978527,33.5048226415065,8.128856735496116,14.89375303318236,14.48957434981196
LC112,27.0,0.0,0.0,0.0,12.0,0.0,7.541186285358534,9.593763606538475,4.833829766502181,4.937886984066651,1.94665096643744,2.8184794890925
LC113,81.0,75.0,0.0,6.0,0.0,0.0,25.640809496953008,19.38121593929698,11.98128977429618,12.10139954607944,6.528138555441668,2.565952194220654
LC114,3.0,3.0,21.0,6.0,1.0,0.0,8.681741273271752,6.273120049256296,3.0194155684515143,4.922230883876907,3.3718560186806705,2.950297591059164
LC115,52.0,36.0,0.0,0.0,0.0,3.0,25.50663748560805,17.616037975107012,13.179268149564637,5.247699898794506,5.290688475932496,2.0225939232842607
LC117,3.0,0.0,0.0,3.0,0.0,0.0,4.815017821602502,5.875298846700423,2.062996689316672,3.522395284197322,2.067381948970776,1.467169865350292
LC118,3.0,12.0,3.0,5.0,3.0,0.0,3.786489593884152,4.1303920369201546,2.838285383881628,3.5076798221345853,3.5798999752134195,2.4354440531083563
LC119,108.0,60.0,59.0,47.0,69.0,13.0,33.12434444052465,28.232345390806472,19.53988057954616,8.265445256485815,12.651125465876657,13.285827126391062
LC120,110.0,3.0,61.0,44.0,27.0,12.0,36.56540474756495,50.430741905718776,21.34150151710477,8.983172146998001,12.166610381036865,10.854311295768277
LC122,150.0,154.0,115.0,0.0,0.0,14.0,151.21673372647618,56.77335413642099,57.78107931160204,25.18591641005581,31.91405565431049,21.12333167551542
LC123,0.0,48.0,3.0,7.0,8.0,3.0,1.351782569699631,0.5706669462105853,12.798769506885815,8.22601802254621,5.740760675454614,3.68712721244024
LC124,27.0,27.0,6.0,0.0,3.0,3.0,7.529742651986184,9.11978943254294,6.749367787392154,6.245618045293027,4.390028635911381,1.917588900315963
LC125,146.0,148.0,137.0,67.0,91.0,20.0,94.44456007214023,62.39600043784792,54.392229640542965,21.318388354364323,33.11497159754406,35.83592290843591
LC126,57.0,6.0,90.0,17.0,22.0,30.0,26.37636772446273,16.52031623788186,12.04920499010111,15.952697805156395,13.342905587980855,10.621584323435233
LC127,112.0,200.0,72.0,124.0,86.0,61.0,168.98726416944027,56.99819082416912,79.48550026461525,15.979273842247482,41.72746518281782,33.78624244840315
LC129,6.0,0.0,0.0,0.0,0.0,0.0,10.479261205945448,8.514281929851974,2.704040955368169,2.3079043884344395,1.2348663473340702,0.943395249898276
LC130,3.0,0.0,57.0,28.0,39.0,15.0,23.715305152383294,20.12489835288357,7.739764269686212,9.366600201543283,8.582018132392198,9.811959412645477
LC131,17.0,34.0,19.0,15.0,3.0,0.0,15.319979389305349,8.1697373340031,6.914196247199756,4.23836701587806,4.720707616297485,2.8626241261863394
LC132,40.0,70.0,43.0,28.0,52.0,20.0,43.58689659000059,19.95037128777874,26.22830731071653,6.64814115956446,10.534740778590704,10.978298421022473
LC133,61.0,58.0,83.0,30.0,51.0,15.0,32.794305169311095,24.658077346439384,26.3038101622706,9.761142772176276,12.419322833001576,12.89636194269377
LC134,14.0,125.0,71.0,3.0,0.0,0.0,33.8243910262891,18.95312382158517,21.64208547772591,7.966390031512551,12.879210113364108,6.561618577476884
LC135,25.0,18.0,3.0,3.0,0.0,0.0,10.372802603849852,6.779204969622991,5.71884808435984,5.331944012523445,2.893725846683408,1.9565298395125936
LC136,57.0,52.0,57.0,6.0,6.0,0.0,28.99923969686079,17.983350149097394,16.71478508553298,10.398218721925913,10.556378789436756,6.3731027518118974
LC137,5.0,15.0,16.0,5.0,2.0,0.0,7.413728584966149,7.9361853614905105,3.888046863822199,4.5770056540366255,3.0537130418400062,2.2977486681490107
LC138,60.0,179.0,66.0,60.0,74.0,9.0,2.840622402409353,9.598554200297604,13.586710364467756,8.763605372889002,8.687072426743,18.757605489356116
LC139,81.0,83.0,0.0,3.0,0.0,14.0,24.060268971066133,20.73565150627099,20.290312141804097,10.411091537832672,7.8091614809766865,4.163484963274355
LC140,69.0,77.0,0.0,0.0,3.0,0.0,26.600802622855664,19.08533448220788,13.567514768136466,11.726528363134475,6.5475583850969175,2.936668110356652
LC141,25.0,121.0,64.0,13.0,24.0,3.0,32.69780475088114,19.668897662028705,30.378058813871803,8.152605968169933,13.464155457269872,10.391796863112736
LC142,58.0,21.0,59.0,9.0,39.0,12.0,17.7835979062076,14.261328716413834,11.057634665840997,9.463586473732184,6.71146009817119,9.563612311377987
LC143,51.0,45.0,49.0,46.0,43.0,18.0,40.02899748966152,22.63967980772812,14.457259994565746,7.250826262177518,15.306854220340568,11.501893425833083
LC144,9.0,67.0,18.0,15.0,8.0,9.0,1.335248178911414,2.2376583221954647,9.53419299968894,9.367660131085657,6.266082051376811,3.4704518016588164
LC145,24.0,165.0,100.0,27.0,74.0,15.0,27.402383586495944,16.542904314063716,25.673044341606328,12.90049089055496,14.643781839925628,16.625462139077268
LC146,0.0,0.0,51.0,32.0,21.0,0.0,11.375998034713442,8.558181174979191,3.4649581395568685,9.394119613250734,8.199422857856284,10.62082093372026
LC147,6.0,39.0,9.0,0.0,40.0,12.0,6.678959104137156,6.121135713277319,6.297917796259617,5.881289014628829,4.157752756618404,6.569313431964908
LC148,60.0,201.0,131.0,60.0,71.0,16.0,9.402240284334605,11.275762333105254,29.797965331121723,16.046945924175603,14.001972085850715,20.12167536144222
LC149,0.0,0.0,1.0,6.0,0.0,0.0,4.022325072181303,3.551225447935969,1.372015123262514,2.953565288095377,2.219700018292019,2.975066472109801
LC150,3.0,18.0,3.0,3.0,15.0,0.0,8.596843612977324,6.9721654722097925,3.984020009808074,3.1091262799399635,2.332826941231759,2.7103137026280444
LC151,0.0,0.0,0.0,0.0,0.0,0.0,7.031401668952984,7.781207210864466,2.1839446303565437,2.4732622492583047,1.3206015044139403,4.340788519368357
LC152,27.0,0.0,0.0,12.0,0.0,0.0,18.392714437086305,9.21187042717913,4.176814342138165,3.728063074741472,2.91857023679301,1.7752715366193716
LC153,125.0,118.0,148.0,54.0,41.0,8.0,52.35214663120602,46.21862963914382,37.80334397551175,15.547492149929898,24.43125286616172,19.841131040784767
LC154,65.0,100.0,2.0,75.0,39.0,15.0,34.90868454864431,30.037351921031654,30.141763646491743,14.340922617712552,14.814884624729215,11.096230507251173
LC155,0.0,0.0,30.0,22.0,35.0,27.0,12.61055072816354,11.65940286874334,3.310224982161354,4.303088340629203,4.7390429456348375,6.119931797822098
LC201,164.0,155.0,47.0,129.0,51.0,9.0,91.38654616827104,42.71160427270699,40.93529293976403,10.850344143779576,30.24851877470614,22.231606592026203
LC202,129.0,25.0,116.0,8.0,34.0,0.0,28.85448235777464,19.517954356135142,13.158659079127984,16.335912423258335,18.22578589787739,12.12539171118986
LC203,124.0,74.0,53.0,43.0,16.0,7.0,30.342913894524163,31.04495548228136,23.212813210838757,8.656183647235867,13.389097633397638,12.037833058721422
LC205,300.0,216.0,154.0,143.0,123.0,38.0,125.0354117797644,75.89965048979673,64.49748593041414,17.394206746395113,38.86232893936141,38.72235126521228
LC206,132.0,197.0,23.0,89.0,96.0,25.0,137.99414606148676,44.96084607692256,72.68915744304316,13.01945749286258,30.62386545074388,38.95485341517113
LC207,187.0,359.0,17.0,248.0,126.0,43.0,124.10860071651707,40.800582074971935,67.48097003235925,13.404122601030169,49.51070697798947,34.10358874169381
LC208,0.0,0.0,122.0,27.0,45.0,27.0,13.387664381160336,12.1011520597209,2.344315854469013,10.692573459846065,8.109381350208139,12.043509391326282
LC209,123.0,410.0,311.0,188.0,1.0,0.0,124.33500814873436,30.91796956144101,64.83227331093151,24.37325186957965,32.71339061350931,22.505830467294185
LC210,57.0,0.0,107.0,17.0,56.0,9.0,30.558260677887198,15.972021278363906,18.118581987599523,12.522221013986195,12.302189162341742,11.33847363120741
LC211,47.0,0.0,96.0,32.0,22.0,3.0,27.332038234139265,17.892610533128384,19.996434965892018,12.424723227278651,11.73374231591094,10.91763666320725
LC212,162.0,106.0,191.0,65.0,40.0,3.0,39.62307725534469,26.691144464347307,25.7225801388603,18.397177776310635,20.4219822586383,16.000753363839912
LC213,296.0,0.0,183.0,134.0,46.0,8.0,113.52030700760616,68.2774588908994,37.902885121723926,13.97341032193505,29.66319796954156,22.39182435875242
LC214,0.0,268.0,140.0,109.0,102.0,15.0,104.17935706066255,57.92183863910969,66.33145677361928,16.782768103058014,44.930894933897,47.85779334216768
LC215,82.0,83.0,167.0,28.0,52.0,3.0,49.27553934804557,29.14505738729208,23.466801606982457,12.494152171771823,16.883131427884415,16.894545124809422
LC216,0.0,0.0,66.0,2.0,18.0,0.0,3.38714698279054,4.051111138129205,1.8366205877487936,8.699641567008147,4.946169677699215,6.117854193307161
LC218,85.0,9.0,16.0,12.0,8.0,0.0,10.721403910526538,15.845914588250062,11.155117379236472,11.065530415995283,4.540962495883998,5.0471352656845845
LC219,150.0,165.0,3.0,145.0,213.0,21.0,104.17935706066255,48.20073369247578,45.8193344554128,21.13576526388689,32.573992856893014,44.0203550769568
LC220,1.0,3.0,3.0,2.0,17.0,3.0,5.731311639704755,3.9301513450319967,2.087630919549266,3.3621888930092725,2.59853304010429,4.251406242359051
LC221,66.0,71.0,53.0,9.0,19.0,2.0,19.484187206054017,18.933828394331016,15.883451492507218,13.912093692504088,13.757071656768764,9.052196985693342
LC222,11.0,0.0,0.0,3.0,34.0,3.0,13.804902395788735,9.255926541427664,3.819901317952256,3.645891915594597,3.055754862119348,6.776252151469854
LC223,182.0,0.0,224.0,63.0,102.0,9.0,36.925937234528085,24.89517805052041,33.3803061843744,25.187563521272185,19.653113922488625,25.911521572878005
LC224,168.0,153.0,45.0,98.0,89.0,18.0,66.06516532995734,47.58648889095695,34.89833414475508,9.602492258085569,29.43809325751692,25.393698840256565
LC225,125.0,15.0,122.0,37.0,80.0,13.0,49.56784638902515,32.98209126822045,19.57053409309561,10.04186357472964,12.939651224649706,18.079217293614107
LC226,0.0,0.0,87.0,34.0,24.0,0.0,7.637176016194633,10.161432155076549,2.7337708331128967,10.5385126206255,7.939813136648435,10.303559015095058
LC227,97.0,13.0,0.0,12.0,14.0,0.0,27.603888382102788,19.08696962540093,11.867428515334126,10.102456397161667,6.123855600594795,5.489144176047405
LC228,65.0,39.0,15.0,33.0,9.0,0.0,18.38848940048453,17.359032259468414,16.194126103511387,14.023421965621036,9.366973997479056,5.815328822468016
LC229,87.0,7.0,0.0,0.0,4.0,0.0,30.226185383078747,20.568912521929175,12.86272695372338,8.453812506951978,4.785843842384095,4.1843742624653775
LC230,3.0,4.0,3.0,0.0,1.0,0.0,8.031040048966311,7.568137759457424,2.6906087293279914,3.392039461425684,2.6518253611946427,1.886382673276954
LC231,28.0,0.0,83.0,12.0,39.0,6.0,30.90944671670048,15.77921529237512,13.027182627396249,7.266412503802067,9.215116950201637,9.447222452419778
LC233,0.0,0.0,0.0,0.0,0.0,0.0,0.3210012368362397,0.3309579995919912,0.1021351030250195,0.2017767261305709,0.2156923683119547,0.1378121824567447
LC234,175.0,123.0,129.0,28.0,49.0,6.0,40.632327989030166,34.919607341682074,31.575976010505133,13.603881568201706,17.97272229218264,19.1692273287508
LC235,191.0,129.0,163.0,92.0,67.0,4.0,56.32518240578196,43.57613810294189,43.71696995631196,20.691575044027545,22.71183736637573,23.631314485990877
LC236,3.0,9.0,0.0,2.0,0.0,0.0,15.77175931683283,8.459661552622329,5.708958271295796,3.559519666164273,2.7831053907072385,1.6488733520592918
LC237,0.0,0.0,64.0,10.0,15.0,6.0,1.0760928059837125,0.7006947115686674,0.2408487472610888,10.9264040081583,5.66385320565288,5.394918048841482
LC238,3.0,0.0,0.0,0.0,0.0,0.0,0.3210012368362397,1.0783559395351576,0.2170680862827908,0.4271622231225455,0.3621037573823633,0.2101797415418818
LC239,6.0,130.0,194.0,13.0,61.0,36.0,26.69049349115642,27.229713239933936,23.47844735876592,27.364152907328915,22.086499329252582,22.458317440589315
LC240,209.0,206.0,180.0,130.0,78.0,23.0,41.2603172332831,41.98808473800285,51.16590636446401,18.23449421206434,28.361568418049306,23.37508522111712
LC241,9.0,21.0,4.0,0.0,4.0,6.0,14.471523261766052,19.55077648498336,8.12453864867345,6.257657516666388,5.806184270036045,3.0956948903548303
LC242,9.0,118.0,89.0,67.0,49.0,0.0,4.422300961108974,4.010716408726835,9.604588362968224,15.797593226186358,17.20845134412323,12.03982504131648
LC243,0.0,0.0,0.0,0.0,1.0,0.0,1.875685668932877,1.5322046765596462,0.4063427027931285,1.173873457727411,0.487056700605125,0.3517583724009505
LC244,36.0,10.0,3.0,0.0,17.0,0.0,10.543797111071054,9.191236485686764,5.3398600416207564,3.432803007975241,3.101250103968808,3.6547197963638665
LC245,78.0,224.0,97.0,45.0,19.0,6.0,22.398928317044984,13.67056013990698,25.60779219280209,16.856849660761636,17.346581697995028,23.674807143235817
LC246,28.0,8.0,0.0,0.0,1.0,0.0,8.486747509911913,8.855495872917047,5.370899448071071,5.002928708197427,2.143637083454505,1.4878459945766151
LC301,150.0,235.0,86.0,163.0,132.0,12.0,132.55768223149786,64.19753695253351,77.74597577684814,16.562243207723903,48.05891496968364,50.34777106511077
LC302,130.0,138.0,168.0,87.0,87.0,105.0,61.56914662533288,40.91435097585852,35.485848784521885,20.93195884455811,27.720397425250887,23.80734981608888
LC303,38.0,18.0,6.0,0.0,0.0,3.0,29.95825684084135,18.05219440952643,15.172919371955263,5.112287144235093,4.641406675820758,1.9804568560804643
LC304,6.0,6.0,39.0,9.0,6.0,0.0,21.06377810756541,9.407331635610822,4.509920373287718,6.358904322411025,5.26773561102529,3.632711477399777
LC305,18.0,15.0,18.0,2.0,0.0,6.0,10.815210086973316,7.145833698962362,5.454359279559732,5.288758387362777,3.286554310217137,2.36126071517446
LC306,15.0,224.0,95.0,3.0,51.0,15.0,16.354307396475956,15.181508183596383,25.554649210151357,14.72866245796579,13.61202104975158,20.060381564164448
LC307,108.0,90.0,84.0,50.0,54.0,8.0,22.375428984058228,22.21381182785274,18.45664211200761,16.13371843451854,16.614230468673732,15.92346223778651
LC308,46.0,0.0,122.0,42.0,61.0,11.0,39.45705061794183,28.132976648694854,16.686520866518364,12.046151863430742,14.694075443350638,16.621435338525824
LC309,59.0,103.0,83.0,25.0,63.0,30.0,34.05019075757739,16.293829995647737,22.83308985739982,9.986063558865013,12.273052470501908,15.659621437843755
LC310,33.0,21.0,42.0,15.0,6.0,0.0,23.47928861771729,14.984371369168,13.68743063026044,9.026212093836586,6.437212283254703,4.455066147816435
LC311,138.0,183.0,126.0,69.0,112.0,28.0,28.903618347035216,29.026168430563278,26.35582276236364,13.33082243979268,17.992986791741867,18.666665543874444
LC312,0.0,73.0,18.0,9.0,9.0,9.0,3.896934591560956,4.61145491346184,10.50104448390425,7.311442605099806,7.352731459261647,4.072394434328349
LC313,0.0,74.0,78.0,9.0,20.0,6.0,21.114845876379352,11.776247971684352,16.22964108504218,6.776054119820175,10.730523876936742,8.62593239644549
LC314,24.0,50.0,0.0,15.0,42.0,30.0,22.01384159489322,15.409472521071978,17.2539402659533,5.805924164563108,6.461947517287133,7.558284220258586
LC315,20.0,21.0,12.0,0.0,0.0,0.0,9.540163069250864,6.617887844572865,5.8755399241993285,5.162220541181673,2.9995208343690125,1.9031253009332303
LC316,69.0,72.0,3.0,46.0,86.0,14.0,40.075403213020735,24.921054381618188,25.547453640923024,9.881983651017936,10.92568092410651,16.65584378171989
LC317,44.0,3.0,84.0,4.0,34.0,0.0,19.6059107491813,12.555360952785026,6.738127075748233,13.648517502637077,6.573595579848807,9.18721345248282
LC318,19.0,15.0,7.0,6.0,2.0,0.0,14.607458117622777,6.469677457445918,4.924075235501488,5.373245438404756,2.8874379805409567,2.171254335528827
LC319,92.0,85.0,39.0,81.0,80.0,20.0,42.873797374219045,38.20346953142166,31.457104528630115,5.7705557363224855,18.01168470761213,18.48813988918313
LC320,51.0,15.0,44.0,4.0,0.0,1.0,24.22791096818993,16.85367794995016,13.67532816594437,10.056875325460618,5.9524239801147205,4.759712589578031
LC321,0.0,0.0,0.0,0.0,0.0,0.0,14.41831314031294,10.438877149744656,3.222558612978364,2.8410784884985487,1.8560475402957652,1.4554408300880686
LC322,0.0,0.0,0.0,0.0,0.0,0.0,2.7044145685204195,1.9888409839867005,1.5744679825628105,1.341406921812757,0.8342568250474952,0.5011999069954653
LC323,0.0,168.0,75.0,9.0,42.0,3.0,16.48160694103358,10.834385527069854,16.730506218060984,21.64386636840733,15.043978885461597,18.048577712663143
LC324,126.0,219.0,187.0,72.0,122.0,12.0,110.92737431306698,39.853520880082016,64.3128078765555,20.114722023359523,30.442011241247307,39.07157420794066
LC325,22.0,9.0,0.0,0.0,0.0,0.0,20.142464194389014,11.64061955357805,7.871798726418252,3.127780880188065,2.1225148841407524,0.9857500259913436
LC326,60.0,188.0,136.0,72.0,77.0,24.0,9.391801545787123,14.02131809296786,18.130561843611567,16.45032610025254,20.622686093391327,19.634838179033075
LC327,0.0,106.0,63.0,23.0,0.0,3.0,16.5659762922628,14.841156049013255,15.474319668528704,17.789316025050738,14.234975066282166,7.057828521254543
LC328,0.0,0.0,138.0,85.0,47.0,6.0,28.089173440376715,25.580168721786418,12.36961913115908,13.378270789260576,17.022547612427356,14.65081379856776
LC329,6.0,6.0,11.0,2.0,6.0,3.0,10.535104087314677,7.576503036781206,3.162715758783305,4.775600142392594,2.542545789548928,2.006755741311373
LC330,95.0,58.0,99.0,64.0,93.0,30.0,80.06233001689179,35.68125070083311,26.547873883571107,14.43325028135592,17.732446577160076,18.42663704152892
LC331,33.0,0.0,29.0,45.0,40.0,0.0,27.36657924091019,12.372909746551702,7.219626464826374,4.99972033505472,8.249006776945478,9.033284787790818
LC332,22.0,31.0,76.0,3.0,30.0,3.0,15.52255891789098,10.888224904862948,10.455281450119449,14.38024146931823,9.556547274845135,8.916375119334058
LC333,0.0,0.0,73.0,10.0,32.0,0.0,7.3291751035913935,10.864395285992998,1.811699047540629,10.327847751283738,6.198649814822953,7.263379479575424
LC334,0.0,0.0,54.0,9.0,51.0,4.0,9.840990315022797,8.928490501399022,2.463394638073817,8.276290154427675,5.311614811906897,7.292186008662023
LC335,39.0,11.0,6.0,0.0,0.0,3.0,27.299698031016188,14.844613241470888,10.72661456299119,4.184120198574746,3.019788652019384,1.850696698273718
LC336,0.0,154.0,118.0,58.0,46.0,10.0,21.977697192746437,21.282919368132173,19.022615328049117,16.248752196251342,17.790872619193657,16.291875860799312
LC337,0.0,0.0,0.0,0.0,0.0,0.0,13.212600960685604,12.37692238633692,4.457786762705971,3.259976438245077,2.4773553410037628,1.7701001236955372
LC401,48.0,30.0,57.0,39.0,55.0,3.0,60.38485224050073,29.89185224585989,19.170118911997157,7.440656235117701,10.87186267665376,11.080757880408989
LC402,37.0,35.0,23.0,13.0,15.0,3.0,31.313087730937937,15.479536865781796,13.345713153152776,8.418941778265484,7.015925250652185,5.683974829457349
LC403,18.0,48.0,57.0,43.0,12.0,0.0,22.331821964110937,17.284692498228633,15.101869511368816,10.790038647440396,12.270363801801738,10.82612376502573
LC404,0.0,3.0,0.0,0.0,0.0,0.0,6.5452788908071895,6.846003839769796,2.4170834713939264,3.902575831846032,1.7981293223147656,0.8729878479975987
LC405,243.0,379.0,287.0,190.0,162.0,82.0,168.98726416944027,85.11690335866106,94.03667222032904,37.86013351040721,49.41550770688883,50.3378941057852
LC406,9.0,76.0,22.0,19.0,21.0,12.0,3.8884172103126176,6.116288592660202,9.473482552049273,7.861966701638028,8.288159581089426,6.594949282525288
LC407,42.0,112.0,75.0,24.0,0.0,2.0,49.6513617149412,25.1867459232043,29.525919698235832,12.862691117810572,19.38157090991617,11.085443630770824
LC408,18.0,0.0,29.0,24.0,14.0,20.0,15.915112700824066,13.938783997662004,6.726703157185613,6.421560288358728,6.905648114632975,6.3930287942439366
LC409,129.0,123.0,138.0,120.0,65.0,4.0,127.1028308828662,39.81851856557173,41.803862622860045,16.96208117820388,32.08329319492782,28.48721120875176
LC410,1.0,175.0,153.0,56.0,34.0,34.0,36.83006778334114,44.50103129473046,24.99754674226817,15.251492722807388,17.884430246669304,17.193345123630973
LC411,0.0,47.0,42.0,12.0,22.0,2.0,3.0968766624509727,7.280195912241104,8.871101005386002,7.352913948717677,6.429743523895237,6.149104039468004
LC412,0.0,6.0,40.0,20.0,20.0,0.0,5.824618679418428,8.30787252752774,2.259156296013056,8.842537870886098,5.342727156669389,5.540062712627499
LC413,90.0,6.0,21.0,6.0,0.0,3.0,21.618906474371155,20.514511040019023,14.879004035980897,11.847564807637276,6.08385525239428,3.9094006214387114
LC414,84.0,68.0,95.0,20.0,44.0,2.0,60.21069580207106,27.260235669609468,23.82724295919273,10.200270436194817,14.619589686540698,12.719049747534982
LC415,0.0,123.0,44.0,37.0,9.0,21.0,6.833944841500773,11.00646754310576,15.22390708619193,12.201856284221098,12.594092764536558,7.01950480731851
LC416,17.0,3.0,14.0,36.0,3.0,0.0,9.73958884142142,7.156683330330654,3.034683118815848,4.786828307668768,6.63510947312567,3.4986330065104987
LC417,18.0,0.0,0.0,0.0,0.0,0.0,7.288875612521461,6.950341404646516,2.413470374920585,3.258683353503408,1.43021654826296,1.164217935276468
LC418,54.0,51.0,73.0,50.0,27.0,0.0,31.37596698535901,24.59361037066576,27.27444946088774,8.663446353808355,12.910712609450131,10.842953088408944
LC419,50.0,34.0,24.0,33.0,9.0,2.0,13.987067990290882,11.226544054821948,10.690117116630162,11.576121455671831,9.767346335949496,5.990344107450773
LC420,146.0,193.0,114.0,115.0,93.0,24.0,104.03597626548274,36.99634677890357,52.22662541064789,17.74426319964687,29.999883236434982,27.45015704704608
LC421,0.0,3.0,0.0,5.0,0.0,0.0,2.56866512135324,2.625977119364438,1.7451132775943368,3.796243617287872,2.740722638333455,1.1900919696624186
LC422,9.0,18.0,2.0,3.0,27.0,2.0,8.912170406823522,6.116046386695309,4.228396073066189,3.037765451269415,2.3301620364193854,3.656439157318187
LC423,20.0,47.0,35.0,51.0,34.0,15.0,23.73606618351188,16.891159135694267,13.376270383182508,9.31780470938217,14.391480815966611,9.263757300773785
LC424,0.0,79.0,21.0,25.0,30.0,12.0,11.9352926461307,9.363732368703758,10.08514892908642,12.4258201049829,10.51119626235642,7.819192007099023
LC425,68.0,9.0,0.0,0.0,0.0,3.0,22.066367394018545,18.86112984884674,14.280089171996014,6.615063831178771,4.394813086158138,1.6849654824209448
LC426,40.0,27.0,22.0,19.0,0.0,0.0,19.895404508764567,16.393599413436256,13.913989509522958,7.131902164719903,6.435971408973217,4.044380063120048
LC427,182.0,55.0,33.0,62.0,20.0,0.0,40.00536489291524,36.585492109233336,27.751963963806467,12.769281813929114,20.633375105654583,15.61005768422815
LC428,62.0,39.0,109.0,38.0,0.0,0.0,34.81183001765937,21.04399757198307,20.054751161904434,9.80655401632556,12.569344620977436,11.879817554580336
LC429,102.0,56.0,21.0,20.0,84.0,18.0,66.40217914791332,24.04803143003152,27.56885113412116,13.203265418187527,19.651346923475145,17.6288421201913
LC430,27.0,24.0,36.0,44.0,12.0,24.0,25.57437798920671,13.34702837131501,12.00824085833866,9.399856661209144,12.856850106953368,10.279344386671324
LC431,3.0,0.0,0.0,0.0,0.0,3.0,15.140322052167033,10.712461780587851,3.4770209129843725,4.351630711479519,1.4716789640492425,1.1842588035655033
LC432,40.0,30.0,22.0,31.0,21.0,12.0,30.46998905725048,17.98938802544901,14.446187769165466,5.227159990225822,7.872189934010479,6.232972048907397
LC433,87.0,45.0,69.0,49.0,18.0,6.0,42.185570207140486,21.943730372284968,19.734853051214888,16.903489589935393,15.508408118632364,13.679625381380834
LC434,0.0,0.0,0.0,0.0,0.0,0.0,5.30626250392256,6.0706660914397625,2.0124888926492117,2.558303325078219,2.121037390781356,4.760033611946985
LC435,7.0,0.0,0.0,0.0,0.0,3.0,9.005905359787272,7.74268722026209,2.4020773990628546,2.5716251040866243,1.283947077123547,0.9928054991546352
LC436,12.0,6.0,6.0,6.0,12.0,9.0,7.972067544623893,7.65979949021183,4.052783122258182,3.172667729320536,3.018526211511072,2.3969341915357494
LC437,0.0,0.0,0.0,0.0,0.0,0.0,2.242236344884909,2.1326875034647794,0.4391799524391569,1.5134691832551976,0.6069610444439181,0.4305562810266856
LC438,0.0,6.0,6.0,6.0,0.0,3.0,4.463329639443479,3.45963512551956,1.256117679198349,2.337129751263556,1.813100909771047,1.215522613436274
LC440,43.0,101.0,65.0,0.0,9.0,0.0,21.81515691602618,17.30929140223321,16.513270455316228,9.4735123442466,14.568192342705602,7.510372788785978
LC441,0.0,0.0,0.0,0.0,0.0,0.0,5.472997042664906,6.005905498569153,1.5880782780651232,2.8695440968274712,0.9613547727365678,0.7046210430113623
LC442,9.0,0.0,5.0,54.0,11.0,18.0,17.04579657723611,12.988422439876862,4.628037838773511,3.4402300301037627,7.024076541412203,8.170273546551293
LC443,9.0,104.0,50.0,54.0,17.0,17.0,19.123474408968548,15.823619656731797,20.199988665009634,17.09055689940407,13.321171765564046,11.04973792441265
LC444,47.0,69.0,99.0,54.0,51.0,27.0,48.77769365429784,24.917855513281328,24.125320359034436,10.539166050882049,15.573827520316527,13.969019903877726
LC501,97.0,82.0,84.0,29.0,64.0,9.0,58.29686660937772,39.51463029969028,32.21026063769696,10.399441759996774,11.69012206297441,16.83831392156847
LC502,22.0,18.0,36.0,9.0,8.0,5.0,15.64551765797172,9.592713336531826,8.342843324480453,8.020366964141198,5.801300373551782,4.343354070138129
LC503,46.0,41.0,42.0,15.0,27.0,0.0,27.235454725383864,17.328187773670173,15.95767864809912,7.713438196850231,9.282608377786232,6.412930761431465
LC504,181.0,39.0,73.0,3.0,12.0,0.0,2.90493662993632,5.444881607488995,8.786306159010326,15.162755717027643,14.829285379435754,6.711399184638828
LC505,142.0,49.0,132.0,18.0,22.0,0.0,42.60439486629421,22.5426451873508,17.622413984256458,18.250946092585902,21.013372802008192,18.35500788274786
LC506,65.0,34.0,91.0,27.0,30.0,0.0,45.31196118494632,20.74578683721564,12.73821960261105,8.587191785867779,11.656479170030172,10.922807036456732
LC507,63.0,55.0,75.0,12.0,32.0,5.0,39.62514731505554,22.19763407138281,15.5136875989447,8.452938172847496,11.851594492103432,8.677636620154985
LC508,12.0,0.0,7.0,3.0,18.0,0.0,3.7596314107014295,6.027549272647583,1.740908815619972,4.018893997608821,2.382392861580262,3.358286965548998
LC509,0.0,6.0,2.0,5.0,15.0,0.0,9.008246851939653,6.384969297887882,4.188119739067047,3.126344004257874,3.6536722261696304,2.60488123802247
LC510,0.0,0.0,0.0,0.0,0.0,0.0,2.9322406151120277,2.7671320679568727,0.512121277970472,1.077677746534402,0.5286724616218764,0.3667668435513325
LC520,4.0,153.0,74.0,27.0,53.0,11.0,60.24206350261078,27.8957769995802,36.15322336855864,12.6781693524199,20.2189229292787,15.116061133458878
LC521,43.0,20.0,60.0,37.0,46.0,12.0,31.157581946245763,18.07232793383536,12.49482809057056,8.919067079636346,11.018362714112223,11.010783621816394
LC522,85.0,153.0,49.0,67.0,119.0,57.0,118.48414414258428,45.14624757155043,45.935529206669216,12.76166607136311,25.421275628953147,32.66392109172147
LC523,0.0,0.0,0.0,0.0,0.0,0.0,2.2279783267370896,1.9263231989331424,0.9048356149081104,1.3283167132645246,0.690027915274392,0.631253536778007
LC524,9.0,0.0,1.0,5.0,0.0,2.0,1.801814047436897,3.112221621033445,0.4438183085839192,1.869253993436366,1.2098140831779547,0.5352516810738162
LC525,0.0,16.0,0.0,0.0,2.0,0.0,2.096844806568571,2.645067249959372,3.460114109004077,3.25940774916672,2.410140216651813,1.1842921965049984
LC526,9.0,21.0,18.0,0.0,27.0,0.0,11.385063633466682,7.758309011423302,5.659129821259705,6.120155665228924,3.8166550949011593,4.487646806498177
LC527,9.0,0.0,0.0,0.0,0.0,1.0,20.390597389417863,13.59102674603919,7.610215047292653,4.334644447849048,2.4676735839482764,1.711015777302608
LC528,0.0,0.0,69.0,30.0,36.0,20.0,26.546953494705367,18.89956717647894,5.871092547094343,10.27008080138165,10.42421117455712,9.443315033871691
LC529,60.0,216.0,128.0,83.0,102.0,19.0,12.543491602547594,15.170693510079712,31.88075619559245,17.803311672553658,22.87161486066926,24.606977916036183
LC530,18.0,33.0,36.0,30.0,47.0,12.0,34.39294018270711,17.12272072214256,13.68843149658357,6.672581142091866,12.738676923373813,8.583242966844798
LC531,31.0,33.0,36.0,7.0,2.0,0.0,35.59757729390748,17.786535300847518,15.246263809051984,7.117283329736136,6.703253576000516,3.827578620815614
LC532,21.0,12.0,0.0,0.0,0.0,0.0,18.268136485980623,10.220896553312246,5.366561853194096,3.653262222402925,2.522172078093404,1.176617866492467
LC551,17.0,30.0,41.0,20.0,16.0,7.0,38.20621701027908,15.657967885618394,13.521900836670095,5.614008766730741,8.286112373853442,6.812775332325656
LC552,105.0,197.0,26.0,137.0,127.0,44.0,166.22447522480198,63.813521953539336,79.06788173830708,12.027551669304858,47.97922985644352,48.01585719769421
LC553,43.0,39.0,37.0,39.0,35.0,11.0,28.579974233286013,20.443352996706693,17.411120974407986,4.811816826201052,12.27047674825518,9.06836430143672
LC554,0.0,0.0,0.0,3.0,0.0,0.0,8.709287623755603,8.074487265786281,2.3464776470101625,2.2977814756150443,1.9701045207735544,1.565354573734293
LC555,209.0,194.0,138.0,139.0,106.0,26.0,168.98726416944027,85.11690335866106,79.35119703031542,23.159294183869235,48.07038289812952,47.22320757358107
LC556,18.0,39.0,25.0,7.0,2.0,0.0,25.721198053918396,13.41316348858228,13.40882893089979,5.075208612844193,7.183764666161569,3.2675136431772227
LC557,45.0,0.0,53.0,32.0,16.0,9.0,33.107604215077465,17.73208406803365,28.29076835497965,12.222599578599866,9.72219004168657,9.708032250295094
LC558,80.0,84.0,105.0,61.0,52.0,25.0,96.84147924082852,34.39636933055183,43.35648377923729,20.11744295332433,23.252401498727973,15.931535697341316
LC560,36.0,0.0,76.0,68.0,33.0,0.0,32.23115426047948,16.335877834496966,16.69804938796689,6.078152392379916,12.258054105404373,12.091251333355826
LC561,0.0,0.0,48.0,3.0,3.0,0.0,5.676884493499214,7.230373182514462,1.0691510489980027,11.999692840893946,2.9118934244951484,2.0821733866525616
LC562,108.0,25.0,84.0,37.0,35.0,23.0,37.8623752419655,22.42445712517934,17.65470012440104,9.226595043713615,13.578614921792605,13.15377276507045
LC563,17.0,0.0,35.0,47.0,39.0,10.0,39.751338603463054,16.9079044585485,14.501094520589378,3.7914185666468128,8.34072405645978,8.62988538971165
LC564,0.0,0.0,0.0,0.0,0.0,0.0,1.1907275973312488,1.378505750839113,0.4134068767950118,1.2854421881430174,0.3580190842239576,0.1370958598489579
LC565,24.0,12.0,5.0,4.0,6.0,0.0,8.776470589484559,6.659436098479104,4.942415614498843,5.366657436514605,3.1805414839388586,2.5200183296468914
LC566,6.0,3.0,0.0,3.0,0.0,0.0,7.169198182581168,7.547785235586995,2.458046286041549,2.364997650012817,2.3418351704522555,1.7184965828899754
LC567,0.0,111.0,101.0,17.0,10.0,3.0,56.90957257555107,36.30263712212539,36.1795124386786,15.495167609864287,17.67310311951491,13.08993436208168
LC568,0.0,93.0,59.0,33.0,11.0,6.0,5.459432786919947,4.024094806904114,4.902139654863906,14.494081670230432,9.982921070878596,12.089264409178954
LC569,54.0,106.0,24.0,4.0,3.0,3.0,22.893102724748942,13.052668311073148,20.147468731661043,13.014247058092073,11.507244445271557,4.492106450031834
LC570,55.0,12.0,7.0,17.0,27.0,2.0,33.58569403720078,19.039577429387425,13.932099263232177,5.973216435523741,4.670455844269482,5.1611994575047575
LC571,121.0,195.0,5.0,104.0,99.0,42.0,115.0670673823039,56.62005546482673,75.77088665693046,18.60512639730951,39.14060173337484,41.809403338122
LC572,74.0,250.0,141.0,72.0,2.0,0.0,14.738784879701106,13.843934449523529,32.45493912747216,13.899814826875616,16.665271981925414,17.072872739471595
LC573,0.0,0.0,73.0,12.0,14.0,0.0,12.577881081956772,11.379658813733416,1.959097605991437,8.199388468533826,5.352968120776075,7.78095061721936
LC574,6.0,0.0,8.0,19.0,12.0,0.0,7.994091386837209,7.499033023084916,2.338785715766796,3.240478357409984,4.297669543290966,3.578177070544524
LC575,0.0,6.0,3.0,6.0,14.0,1.0,6.792101731741498,4.99541693467527,2.55857121402366,2.693117962364424,2.77344313366697,3.283894756603998
LC576,6.0,56.0,45.0,9.0,27.0,6.0,3.021769792872944,3.153495705089435,7.382529085092621,9.855796050247934,7.021389000827585,5.47518014700614
LC577,30.0,31.0,0.0,0.0,0.0,0.0,24.5492384225962,11.390182088804965,12.177628636154743,4.794738688179745,3.802037225453789,1.2011855210120266
LC578,12.0,15.0,3.0,3.0,0.0,0.0,20.04418233573603,10.86680600830386,9.327554598324369,4.702668063300095,3.951740304439671,2.381520278716406
LC579,3.0,24.0,17.0,11.0,0.0,1.0,10.427495889614056,9.266853283492418,5.585315701560019,3.746826420860124,4.243788160084099,2.2396974172060453
LC580,0.0,0.0,19.0,28.0,21.0,0.0,7.909171751052422,6.965703023151251,1.8352075711093057,4.576535242691264,4.599320990153783,4.521555920736547
LC581,0.0,0.0,27.0,8.0,17.0,0.0,18.692827988382085,16.06831009571848,4.795010316923961,6.516802890628537,5.378977408901839,5.277480559468276
LC582,0.0,80.0,67.0,12.0,41.0,10.0,16.62376221040902,10.061879626812422,13.848902885156024,8.372657406554541,12.142425375607989,8.823199647608897
LC583,0.0,3.0,3.0,0.0,6.0,0.0,1.1680292762504847,1.7689524326638215,0.6992443511519294,2.9066865600301384,2.2716731741018776,1.023542565708962
LC584,0.0,48.0,51.0,24.0,20.0,2.0,21.86149338888094,17.251337901695077,10.275036865157832,10.6531242626921,9.061658315317786,8.56252715180794
LC601,3.0,5.0,9.0,3.0,0.0,0.0,2.2191718010379327,2.405445566130884,1.2740536240712357,4.258042683721175,1.6106548796868565,1.2167476529955443
LC602,0.0,39.0,34.0,3.0,2.0,0.0,2.616767745772644,1.929993605611903,6.639932412201747,13.477201179956822,6.100054902694675,3.183146089773243
LC603,3.0,6.0,25.0,11.0,7.0,0.0,6.419968590128662,8.12665711346428,2.6041336896501446,5.530995347224911,4.125802592749306,3.950128530205939
LC604,3.0,3.0,15.0,1.0,3.0,0.0,1.92542423488674,2.345192820060925,1.4322473642580216,2.749973632191409,1.2658804202477552,1.62777871232758
LC605,3.0,6.0,16.0,0.0,0.0,3.0,2.455955937518061,2.226252569011718,1.0819359886624154,3.1691214712407088,1.0345936601167025,1.1617702087994402
LC606,0.0,0.0,0.0,0.0,0.0,0.0,5.396985296195013,7.140818280444227,0.9740380606565402,6.547625056807835,1.6201512326180725,0.7243217879366896
LC607,54.0,12.0,6.0,1.0,3.0,0.0,2.586209254284428,11.5631692993478,8.361683523832106,8.689390975732042,3.7202918192136254,3.18366853610642
LC608,45.0,74.0,30.0,7.0,12.0,4.0,12.833661937270442,10.70963076813574,18.16282201642401,13.815901362997208,10.488506813648767,6.523653213480148
LC609,0.0,0.0,18.0,12.0,7.0,0.0,5.559815636608179,6.524908797897724,0.6523910717939365,6.046586492649277,2.769060792460977,2.6018705813649734
LC610,0.0,0.0,6.0,0.0,0.0,0.0,0.2734529117248198,0.3309579995919912,0.1021351030250195,1.3144820938631223,1.0465693929328248,0.5388399419657565
LC611,0.0,0.0,0.0,0.0,0.0,0.0,12.078291972842738,8.707243081846647,4.371395650331583,3.223372866104715,1.7931855211831809,1.4897329599007063
LC612,0.0,0.0,0.0,0.0,0.0,0.0,1.029254471268685,1.014065997853556,0.2823353353811818,0.7198419292181014,0.3621037573823633,0.1700640500863657
LC613,0.0,7.0,3.0,0.0,9.0,0.0,2.2046339939774,2.3586226379200235,0.9316984658354444,2.3989989014962863,1.2494324808902693,1.0754125086882125
LC614,0.0,0.0,0.0,0.0,0.0,0.0,11.858550983404536,9.699495526431608,3.3980051126194075,3.2587717249431325,1.6494337492869533,1.1300900918086478
LC615,20.0,15.0,38.0,6.0,11.0,6.0,13.147355223678948,11.099641819337569,5.151317068187585,6.520228268055533,4.5446252396238345,4.246937993048871
LC616,112.0,39.0,78.0,38.0,49.0,14.0,37.00612982891308,26.53271211175468,19.67288609507225,8.660382895866954,13.2652797994121,13.94475092391699
LC617,28.0,0.0,0.0,0.0,0.0,0.0,18.940631834225936,12.546331488876856,5.787505532352767,3.1882055859268847,1.9098658438545235,1.1579345179362572
LC618,35.0,17.0,34.0,12.0,15.0,6.0,13.793283464058169,9.76805105474898,6.350970366448892,4.917931869258997,4.792852165056647,4.122864288977553
LC619,10.0,9.0,13.0,0.0,12.0,0.0,6.457836651466799,4.355285810731016,2.821765932069287,8.202091792396455,2.2897596276053886,2.283233140663944
LC620,30.0,20.0,15.0,3.0,0.0,0.0,20.488768787871933,11.690686992849772,9.759400577480143,4.484402901178891,4.058741058011836,2.453577365930184
LC621,6.0,163.0,80.0,22.0,83.0,25.0,82.61577423719618,19.006549507810515,37.230366197833696,17.29494654431186,30.50395336840726,26.310912014507355
LC622,0.0,0.0,0.0,0.0,0.0,0.0,2.024797924387265,2.241119453724529,1.3378358202213478,2.120278144129957,0.8662292937507939,2.4335143311773373
LC623,18.0,0.0,0.0,0.0,0.0,3.0,26.20554805417405,12.9894838425383,6.74636968509004,2.878604699586563,1.6632182544659937,1.0143228399238675
LC624,68.0,57.0,90.0,42.0,100.0,19.0,87.76130240636977,31.52929805030423,28.5554540413048,11.82210233366631,15.456981051696436,26.0773758449022
LC625,0.0,0.0,30.0,3.0,8.0,3.0,9.222913761646211,7.29207559518704,2.448019282839239,5.728509743247054,3.2808971740735844,3.9413622874760046
LC626,0.0,0.0,0.0,0.0,0.0,0.0,3.922419415822944,3.507618959768337,1.1056813625303503,2.2794814153322163,1.167855923338158,2.1538333090978155
LC627,0.0,9.0,12.0,0.0,9.0,0.0,2.939674747032524,2.2202007297042456,1.8082150535797783,3.765213312275807,2.188521368454316,2.063384220835291
LC628,0.0,7.0,16.0,0.0,4.0,0.0,3.632405007889928,2.306873054396154,1.4878150006766968,4.232019836001526,2.2465107253955647,1.8183206685653308
LC629,2.0,3.0,17.0,0.0,0.0,0.0,2.51379599514912,1.733688271129039,0.8747016571146197,4.590743270319867,2.159681233811599,1.7176688907108464
LC630,0.0,0.0,0.0,0.0,0.0,0.0,9.521019606472978,8.876598396335654,2.358385032314816,2.083983766073428,1.229748463909889,1.0538795942786117
LC631,0.0,0.0,0.0,0.0,6.0,0.0,5.504433103403182,2.799659057617317,1.1148677369128308,2.4392011939559284,0.6079417996863501,0.8929757373497951
LC632,0.0,0.0,0.0,0.0,0.0,0.0,0.3210012368362397,0.3309579995919912,0.1021351030250195,0.2017767261305709,0.2156923683119547,0.1378121824567447
LC633,3.0,6.0,0.0,0.0,6.0,3.0,0.9249272538823646,2.6077212012296336,0.6300946138722929,1.785219684770601,1.2620099270209035,0.4811516729010324
LC634,6.0,3.0,0.0,0.0,0.0,0.0,0.9249272538823646,2.7520237418242792,0.582944479964062,1.785219684770601,1.0453903534121043,0.318499548273
LC635,0.0,3.0,0.0,0.0,0.0,0.0,1.1473495625892225,1.1304183868540654,0.3814858983116137,1.082985420604365,0.6206017546677796,0.2690559341223019
LC636,3.0,0.0,0.0,0.0,0.0,0.0,0.3210012368362397,0.9690517026684076,0.184118490733838,0.3843219010478396,0.2919072311147638,0.1694348239671033
LC641,0.0,3.0,9.0,3.0,0.0,0.0,2.7920409500486194,2.68349042274711,1.6141897002661638,4.008639696446432,2.0216319149878648,1.6970475346426703
LC642,14.0,6.0,9.0,5.0,14.0,0.0,8.437100698710474,6.595885211968014,3.333959812128004,4.227311061733068,3.452400446389546,3.604554873883029
LC643,0.0,0.0,3.0,3.0,3.0,0.0,2.084608104572147,1.645006715191847,0.7154306603716453,1.9396005932933775,1.259182290181345,1.0474882757572472
LC644,0.0,3.0,0.0,0.0,0.0,0.0,0.3210012368362397,0.3309579995919912,0.2224270467026327,0.3843219010478396,0.3082759829063924,0.1694348239671033
LC645,0.0,0.0,0.0,0.0,0.0,0.0,3.977170521375261,4.117087488747062,0.8560631819655098,6.400669466674006,1.1424490351408827,0.5885661616168802
LC646,0.0,0.0,0.0,0.0,0.0,0.0,0.3210012368362397,0.3309579995919912,0.1021351030250195,0.2017767261305709,0.2156923683119547,0.1378121824567447
LC648,0.0,0.0,0.0,0.0,0.0,0.0,0.7150774750802952,0.6885319934096307,0.2276025153474232,0.2348576109892153,0.214571238691956,0.1370958598489579
LC701,44.0,9.0,0.0,0.0,0.0,0.0,25.616730920688266,21.28855945410476,13.545270456404763,4.070554137071979,3.4067325341013905,1.2844914924821225
LC702,28.0,34.0,43.0,6.0,18.0,0.0,29.063023891506106,18.12999764855635,12.259599263473836,5.4207036607848735,5.916448908723017,5.667128169727127
LC703,52.0,12.0,77.0,36.0,37.0,20.0,37.55755612219017,23.22151829474608,14.540571160879423,8.503440212971308,11.057278414642829,13.210276636319469
LC704,46.0,26.0,24.0,0.0,0.0,5.0,33.25751175406252,20.85220457372988,12.268595456500766,5.192680432448057,4.7692699557798806,2.633400505359393
LC705,16.0,9.0,34.0,15.0,12.0,2.0,25.569345418956622,10.046893792421097,6.176774261165803,4.708953884954896,4.512349766319803,4.305914806024126
LC706,41.0,9.0,89.0,30.0,74.0,22.0,31.97569247329411,22.689262833915667,13.40965862046477,7.279950385661901,10.33850856401404,16.203194172677478
LC707,9.0,6.0,0.0,9.0,15.0,0.0,7.856861461887524,6.668327612507515,2.86237375450878,2.954834583837156,2.443562573033966,2.7103137026280444
LC708,31.0,36.0,40.0,19.0,21.0,6.0,27.624462347037056,17.441211918963795,15.68001782590405,4.865098627342716,8.23801136412624,6.113386763833812
LC709,27.0,51.0,36.0,3.0,22.0,4.0,20.80653750339965,11.341850422167528,12.524861255739488,5.910191595241136,5.608417212225423,4.864746799818531
LC710,12.0,9.0,4.0,0.0,9.0,0.0,8.323531645589949,7.053097573841442,3.9375923204901344,3.5041304815644274,2.4752712583853835,2.820491843617607
LC711,0.0,12.0,3.0,0.0,0.0,0.0,2.732569966263568,1.9981571490840115,1.7221762864812544,3.210347466166404,1.5956683842486792,1.0921438482279242
LC712,0.0,113.0,66.0,2.0,6.0,0.0,9.898454026927508,9.818546447684096,17.947996983518014,8.40536155350722,12.363057149572157,5.71978518378279
LC713,60.0,188.0,75.0,63.0,75.0,6.0,2.160280189583846,22.009775284354003,13.743964744630697,10.483797649035072,9.42162881345691,16.705248989717987
LC714,3.0,9.0,0.0,9.0,6.0,2.0,2.7246382175773616,2.1212924031696487,1.2303452254400045,1.929048332628993,2.048089363975293,1.4968372184813052
LC715,12.0,45.0,0.0,0.0,0.0,6.0,12.29958974503432,10.879478496145635,8.105586980112838,5.302127484914911,3.992260676137894,1.9313110516698084
LC716,0.0,3.0,3.0,0.0,0.0,0.0,2.627144460713293,2.4533616827008977,0.4980545667236732,1.6411357660014048,0.9410395234866524,0.5723812519931073
LC717,0.0,102.0,38.0,9.0,30.0,22.0,10.4269273935679,8.597635079185967,16.35920226994676,12.793850709749538,12.91435469876871,8.539673099861963
LC718,0.0,0.0,0.0,0.0,0.0,0.0,2.325218896502683,2.1326875034647794,0.5057639101559186,2.2170728345451494,0.572289086262877,0.2492439171140492
LC719,0.0,1.0,0.0,0.0,3.0,0.0,1.9552933304805244,2.0253720051270654,0.6424531825863569,1.1577204184716452,0.5170214104451923,0.5138308167685307
LC720,0.0,9.0,1.0,6.0,3.0,0.0,2.836102157044168,2.2753394049145363,1.4452380034165422,3.7521625745995455,1.9596372699377247,1.8025205229599928
LC722,0.0,0.0,3.0,0.0,0.0,0.0,2.6467791168118358,2.6077212012296336,0.3730440324586371,1.2327666521437337,0.7562708032354073,0.4136660879358947
LC725,15.0,21.0,1.0,0.0,0.0,1.0,14.131095819188236,9.046133282849262,6.032281305553175,3.648541306309645,3.103273211981752,1.5455952027253397
LC726,16.0,21.0,5.0,0.0,0.0,3.0,15.735926045767336,10.57776252147183,6.3870437782295895,4.494315040485915,3.7403048360730646,2.2264941711657515
LC727,6.0,0.0,75.0,17.0,22.0,12.0,36.89111589401631,27.232153667452494,10.49146649455172,5.803828350306392,7.353378256350368,8.345220067470837
LC728,8.0,20.0,18.0,9.0,5.0,5.0,11.792644621667725,8.128921671452035,5.800062486254558,3.9023263908546286,4.73469429568654,3.198217562184896
LC729,9.0,3.0,2.0,0.0,0.0,3.0,14.407577983586652,10.324533923762138,4.005597594187558,3.733488251593692,2.4785832172840774,1.6014800688125477
LC730,0.0,70.0,38.0,33.0,20.0,10.0,1.559038460329076,1.697338742399481,9.716049247420647,8.868070434544977,8.083317226275934,5.603302785899252
LC731,0.0,15.0,12.0,0.0,0.0,0.0,8.191776261390363,6.653029838987305,3.6925002765815775,4.410185751441062,2.723493068213098,2.070178623691655
LC732,0.0,0.0,1.0,0.0,0.0,0.0,8.60846136244144,7.00799680047612,1.932581901510466,3.871667151024828,1.5293881470484452,3.4819338395166866
LC733,0.0,77.0,34.0,12.0,29.0,9.0,2.1785437940384296,1.7019522418603343,8.189298845906961,6.707072264186213,6.092858187154634,5.617587850071384
LC738,0.0,6.0,0.0,0.0,0.0,0.0,0.9249272538823646,0.9112783134126632,0.4007099221125409,1.2327666521437337,0.8264223893574061,0.3667668435513325
LC740,0.0,6.0,3.0,0.0,0.0,0.0,2.6467791168118358,1.961139997491354,0.5864846680062561,1.8361262224458528,1.3728083993824172,0.4356862488474684
LC741,0.0,0.0,0.0,0.0,3.0,0.0,0.3210012368362397,0.3309579995919912,0.1021351030250195,0.2017767261305709,0.2156923683119547,0.2161661575026449
LC742,0.0,3.0,0.0,0.0,0.0,0.0,0.7507830753424054,0.5722098079396143,0.3502241749489996,0.9942377348458132,0.650090784536903,0.2690559341223019
LC743,0.0,0.0,0.0,0.0,0.0,0.0,2.949154563896292,2.4533616827008977,0.3889016729454824,1.077677746534402,0.5041944454337975,0.2811298491503017
LC801,110.0,90.0,85.0,21.0,46.0,3.0,63.78576930022245,49.48368878150892,37.67046543357264,14.287881630563335,14.349699906587569,14.835480000025028
LC802,130.0,95.0,80.0,23.0,40.0,0.0,39.756365822862286,48.7726588539472,38.01762821982868,13.163346390909323,14.760237523682804,13.900974049540189
LC803,3.0,153.0,87.0,34.0,18.0,0.0,17.148952946253708,19.818099943073232,23.149561619679687,15.032213523915605,16.696462060770113,11.854804943490167
LC804,72.0,32.0,82.0,21.0,36.0,23.0,32.13883545075341,24.047784110815908,13.92747842242245,9.704258529689936,10.948377684600151,11.388329180741795
LC805,62.0,24.0,0.0,0.0,0.0,3.0,39.55941685829365,19.94867371329761,12.876210105996826,5.369190250408321,3.411437690735565,1.5060850132194403
LC806,0.0,74.0,59.0,17.0,24.0,6.0,10.429386752139862,10.370967826571173,10.053686382521752,6.8653577212575785,11.61209255313616,8.624332456732436
LC807,19.0,0.0,97.0,27.0,60.0,19.0,35.5859891691634,16.277486811153572,16.23046194429185,6.744912549163599,9.2839811098667,12.843747693131666
LC808,30.0,0.0,88.0,17.0,36.0,6.0,44.29882162123094,17.67195415737136,16.858125664577717,6.50906927154403,8.006843486987114,10.33011885012435
LC809,5.0,40.0,12.0,6.0,11.0,0.0,12.364837483280285,10.03448942543329,7.259514224369823,4.573541302089413,3.959769120622392,2.808570054160313
LC810,37.0,56.0,39.0,24.0,32.0,12.0,30.36688259327685,22.453130788269064,19.218859068894695,5.385203065633686,8.988984018659902,7.844974657071931
LC811,0.0,0.0,48.0,21.0,14.0,6.0,10.152089673740656,7.516370827295767,4.779354067729027,7.405186373468756,6.446996979173851,5.661411828659339
LC812,15.0,28.0,0.0,0.0,0.0,0.0,13.254726231755091,7.065249481868825,6.829370141966897,3.115954245923484,2.7751773412065104,1.0400095955257007
LC813,13.0,0.0,0.0,0.0,0.0,0.0,18.681707353871012,9.178590556563568,5.253442270410587,3.85074454617837,1.67208138481841,1.4924483542385512
LC814,79.0,83.0,60.0,33.0,38.0,20.0,66.74080308448625,36.17384019898788,31.741973410608114,10.173889984741344,17.0973495219108,14.34103283470403
LC815,75.0,34.0,110.0,42.0,62.0,0.0,49.568684805900986,44.00334211459964,25.061241940936437,15.299777961112015,13.483622604284442,18.921037729890912
LC816,6.0,137.0,57.0,0.0,0.0,3.0,1.0218615458575182,2.1706917179813106,11.093181052720322,9.771788610499966,9.620384161606552,4.6690248075798255
LC817,1.0,3.0,46.0,18.0,18.0,8.0,21.13903703705269,11.433456644642227,4.602352209631967,5.313799869317781,5.759456017026848,5.228773873906495
LC818,0.0,0.0,65.0,24.0,23.0,6.0,2.565234485454002,2.4760918965106757,0.7774746805584811,10.282618174310755,5.247509924929392,7.634628952164808
LC819,14.0,36.0,3.0,0.0,1.0,0.0,8.933483401883647,6.845425888192734,7.91230266840363,5.166843102455864,3.708686468935759,1.7893079548235682
LC820,0.0,0.0,87.0,12.0,17.0,8.0,8.406094553305731,7.0715822698408966,2.7610967233855463,8.24151295247463,6.936735215640589,8.176677373593781
LC821,0.0,288.0,190.0,91.0,100.0,34.0,83.36342127198908,37.91696318214304,53.441324445402,16.9432728650967,34.83910432103829,33.8914866095571
LC822,12.0,9.0,5.0,16.0,3.0,0.0,9.56272368329902,7.902906595152089,5.1108985830668745,3.938938937457398,3.905321227202257,2.32449691790305
LC825,0.0,74.0,38.0,41.0,15.0,0.0,5.121785678107505,6.366747076815518,8.787534064918091,8.98016411870177,10.97713525941683,9.332007078734286
LC826,0.0,0.0,0.0,0.0,0.0,0.0,0.3210012368362397,0.3309579995919912,0.1021351030250195,0.2017767261305709,0.2156923683119547,0.1378121824567447
LC827,22.0,19.0,22.0,3.0,0.0,0.0,16.91857235761934,11.156759142970229,7.238586485594188,7.862683399991194,5.36020214992075,3.1426266016773665
LC828,13.0,160.0,68.0,27.0,51.0,15.0,0.8205877710547743,3.2797029230639225,10.328649351091723,9.198726196207746,10.43457077744886,11.253641987513756
LC829,3.0,0.0,0.0,0.0,0.0,0.0,5.127410899990439,4.367599578924158,1.923927564260764,3.9759427919656263,1.2108274795468328,1.02536003976461
LC830,0.0,146.0,50.0,22.0,17.0,9.0,0.8829435414203071,1.1654763394951078,10.151155564893491,8.055036231318898,10.48181632441961,6.090987600247107
LC831,0.0,137.0,87.0,12.0,17.0,0.0,4.548986075307716,6.351778616981075,10.296550229829426,12.422060156575776,11.650465842795558,9.00332196049899
LC832,0.0,0.0,0.0,0.0,0.0,0.0,1.3786929176418274,1.7958627697679244,0.4064749921879226,0.5917447011053968,0.4381154953002546,0.2677232612054049
LC833,6.0,12.0,2.0,3.0,3.0,0.0,3.1801000390918723,3.62522962965658,3.189260160534935,3.1314577945403075,2.279934229343531,2.044873093292924
LC834,0.0,0.0,45.0,9.0,23.0,6.0,9.010254996322049,6.607360895616408,2.825932740619446,8.742317371924118,4.68658227204482,5.7661430984022415
LC835,0.0,21.0,12.0,9.0,7.0,3.0,4.050657872602463,2.423109819331428,3.7422429349360606,4.79013449435466,3.6016790429131857,2.6906387178335422
LC836,28.0,0.0,3.0,3.0,0.0,0.0,10.43797288425792,11.02814855657876,4.649795888139157,4.788978128533463,2.6093704904607544,2.200608290043394
LC837,3.0,6.0,13.0,0.0,23.0,0.0,8.356707099074772,7.648804586850366,2.9475832975205023,5.460440570016446,3.4680313274480685,5.897151751642622
LC838,0.0,51.0,54.0,15.0,0.0,3.0,4.1534907204020834,5.241011141152965,8.52059262709148,11.121120887795596,11.02197964769616,5.076032488518478
LC839,0.0,0.0,24.0,15.0,15.0,3.0,10.35715577545248,10.303982291894664,1.5317447157425552,6.591303179810502,4.570524707857446,4.551734421384025
LC840,69.0,84.0,23.0,87.0,39.0,29.0,20.071768445772683,12.36330989507728,23.575320059361434,12.31480290279564,17.50430698100244,13.34260499437208
LC841,18.0,140.0,68.0,16.0,12.0,5.0,13.611165800102569,11.752630632216032,17.67177889263141,18.41041676158123,15.825697303695533,9.573305367581815
LC842,37.0,15.0,6.0,13.0,0.0,0.0,12.782463924638794,8.920355060540679,6.868434162654498,6.6303287048360815,5.030141008184603,3.1320075197596537
LC843,16.0,6.0,0.0,0.0,0.0,0.0,18.490791480937137,9.688331960883064,5.063206755968541,3.441377998942076,1.9241100702015703,1.1580138474934831
LC844,3.0,85.0,68.0,6.0,43.0,2.0,10.114685923529528,8.764203547942847,10.166163265515909,12.889284168381945,11.96568013444575,9.50152148494047
LC845,0.0,125.0,41.0,15.0,8.0,12.0,2.1956157893591137,1.802801282402556,10.325060051304572,8.16972668571785,9.450058677687853,4.895955382784927
LC846,50.0,48.0,28.0,0.0,6.0,7.0,47.78344251619466,18.048916247222703,14.98536963682049,5.571744781437302,6.538303922737282,3.9269295982127344
LC848,0.0,0.0,0.0,0.0,0.0,0.0,2.0615578889892925,1.589288578240525,0.3730440324586371,1.077677746534402,0.3908955399155231,0.249870761834724
LC849,0.0,0.0,51.0,23.0,19.0,9.0,11.718704240430933,12.353335922651151,3.0570246176576963,6.156633125710881,6.054016889885565,6.824122950439144
LC850,0.0,57.0,63.0,20.0,20.0,15.0,2.611761894122852,4.2721527389644605,9.27751507553566,11.47711398511861,10.718281585443128,7.361935226939123
LC851,6.0,9.0,0.0,0.0,4.0,0.0,14.39907784357607,8.085367250489035,3.3167315903509724,3.946572827813911,2.33184834795295,2.15352372220489
LC852,36.0,104.0,149.0,45.0,58.0,5.0,44.91762786158552,15.472032930165993,26.528750740220367,14.41168047365304,13.58802889472523,14.530385497927792
LC853,0.0,168.0,15.0,2.0,3.0,6.0,6.774931805638511,4.589412560009198,13.386392095039476,11.906237028622442,11.76036129043113,3.3297609376321007
LC854,15.0,51.0,0.0,0.0,0.0,0.0,16.507268439016155,8.117900631411764,8.61694353906618,7.457097746809173,6.233809728809067,1.8220158663296828
LC855,0.0,56.0,108.0,26.0,18.0,3.0,9.846278628157492,7.313189098145085,8.26698665777732,17.277810807530212,14.220610028947618,11.379652991061134
LC856,37.0,207.0,103.0,26.0,25.0,19.0,15.24944506936645,12.810344952787291,35.28973686066328,17.178374960900694,13.923773485553811,13.35202626372303
LC857,77.0,62.0,66.0,26.0,26.0,23.0,20.64287813967638,13.250039718648054,16.243620664683558,10.9229401402924,14.009317052305365,9.977179232378088
LC858,49.0,30.0,6.0,26.0,13.0,4.0,21.18462056918729,19.5293331911842,15.8890527737809,5.979009503538871,6.981596944877155,4.235634809678301
LC859,3.0,121.0,3.0,13.0,9.0,9.0,21.81975149063551,18.501851007129503,15.006004674502282,12.5799746521448,10.668418121724866,5.310597823575843
LC860,0.0,0.0,42.0,10.0,12.0,6.0,16.559200003074597,10.924560939609568,5.100590120235792,8.483745059285715,6.472400940189714,5.460051301597402
LC861,64.0,12.0,36.0,0.0,0.0,4.0,19.327912941241504,11.754361416724148,11.424379720182053,11.88941795334835,3.846220333702372,3.37380455240132
LC862,0.0,3.0,6.0,21.0,3.0,0.0,1.2877595223078886,1.3917626507511751,0.628706635427137,2.107562311786064,2.243371518445889,0.9717045293500428
LC863,0.0,64.0,62.0,20.0,19.0,3.0,11.001109099193384,7.388443840350671,10.263283118586198,11.38104046161705,12.654007928477869,8.29152506829241
LC864,0.0,0.0,25.0,9.0,3.0,0.0,6.6301473689614925,7.4691600153362625,2.2374473030524324,5.104301190854658,3.30425376852107,2.7554528419240416
LC865,59.0,14.0,9.0,13.0,23.0,3.0,13.654450602904753,9.572585054128735,9.28377290666026,6.077273545586966,5.503213900128194,4.567698598846396
LC866,6.0,9.0,4.0,3.0,0.0,1.0,2.699179380247718,2.913066694191384,2.8937632427316347,3.561896950091285,2.1809731702347803,1.8514472901474497
LC867,0.0,56.0,55.0,20.0,13.0,11.0,0.5596042167554361,0.5706669462105853,11.51814037076313,8.692118836792716,7.21216854904978,5.973244908715314
LC868,24.0,30.0,32.0,8.0,22.0,9.0,39.788882011061126,16.477640880512666,15.605559646176392,5.027072492021838,7.173722651716936,5.131564790674116
LC869,0.0,0.0,65.0,11.0,23.0,6.0,0.5807621084348279,0.5555081418961371,0.2155228558408143,10.478129849606493,5.563782069676969,6.941942739396325
LC870,6.0,3.0,3.0,18.0,15.0,0.0,3.024199593561529,3.673858508626476,1.3964032292264923,4.488143403045822,3.7323214062311543,3.670023907126745
LC871,9.0,18.0,17.0,14.0,3.0,3.0,12.450941908818264,9.287256511592052,5.593442984660193,5.812833557784034,5.630667786230903,3.238961494472743
LC872,42.0,22.0,0.0,0.0,0.0,0.0,5.55677291803435,8.440819434843846,7.421793533185544,6.841619909162874,3.291831334691257,1.1910277152063011
LC873,6.0,9.0,0.0,3.0,3.0,0.0,2.081712360019999,2.6363617515721347,2.3719958914870447,2.9188587317219223,2.3519349090886217,1.6114525090789211
LC874,0.0,0.0,0.0,0.0,6.0,0.0,4.989817103043124,5.026211400967467,1.02763782749642,3.1752307514809,1.0081741524758614,1.29057291077486
LC875,42.0,3.0,1.0,0.0,0.0,0.0,8.224381037991563,9.35632535327975,4.058534414210646,6.385898361523497,2.944389304275957,1.5269764054226935
LC876,98.0,118.0,105.0,41.0,44.0,28.0,97.97060598961332,34.66186835274834,34.88243804826873,13.001608765339157,18.17422317039872,16.771869705163116
LC877,36.0,27.0,5.0,21.0,5.0,3.0,31.921634210790447,16.064555183173713,13.209440203220588,5.184509369599847,7.5612017477565265,3.844686194341981
LC878,40.0,19.0,18.0,11.0,2.0,2.0,20.107241817816764,13.044769077094594,9.525596621787956,7.909354964407767,6.369161999935447,3.5284252154577933
LC879,56.0,15.0,22.0,26.0,15.0,13.0,21.18378815779836,17.279825289067297,13.79017211250196,9.184990932006002,7.223158328108644,5.35680921801601
LC880,0.0,9.0,0.0,3.0,0.0,0.0,7.078048203857575,6.319758585064738,2.3096447541126026,2.389640926324187,2.2530621895959886,1.5623432716644707
LC881,0.0,66.0,71.0,26.0,14.0,0.0,3.309945552653832,4.202625280659847,9.186859989036217,15.319222366798972,9.318896079438746,11.125724515266567
LC882,0.0,111.0,42.0,12.0,6.0,0.0,6.773507039819664,3.712416664893581,10.961208708269565,12.40957951771699,11.33633924477601,6.075724595945801
LC883,27.0,3.0,25.0,51.0,26.0,24.0,30.42463134724341,15.71858970734386,10.12335270823698,5.535728450828503,9.026702982359131,8.496605553379615
LC884,12.0,12.0,12.0,12.0,0.0,0.0,17.091158206928593,8.955132567539735,5.50819362328958,5.163876100174541,4.072876811788273,2.5695138469557217
LC885,0.0,228.0,13.0,6.0,9.0,0.0,5.280076300053538,3.564476984958995,22.87316633001744,16.958316640162845,17.10776389801289,3.9633384635490896
LC886,34.0,27.0,0.0,0.0,0.0,0.0,28.52981488999983,16.539537391385615,14.831628386293715,7.2215521274032435,5.080986312363553,2.0214992071950206
LC887,3.0,128.0,57.0,24.0,40.0,30.0,9.634001906897277,5.823175843803482,11.404417978682089,10.529195710982757,11.718831991472491,8.735765573262603
LC888,3.0,93.0,35.0,24.0,29.0,9.0,9.97853788145443,11.921880419602248,12.708013452024836,11.5017111197371,12.885695349969778,7.318377929928612
LC889,18.0,6.0,14.0,16.0,14.0,6.0,17.468421680186115,13.41730845155954,5.968632530205444,4.489807637008169,4.859314773813738,5.290519271465753
LC890,17.0,9.0,3.0,6.0,0.0,12.0,15.976731135916326,12.691310177156582,6.529857081266307,4.2224508093010815,3.215798911245336,2.161631612106432
LC891,0.0,174.0,99.0,34.0,70.0,3.0,3.8179545695838177,3.885837983892527,13.22061167502439,12.444234009135617,9.459805071600522,12.137147469608456
LC892,22.0,100.0,0.0,0.0,0.0,0.0,10.800152816038844,6.359572879325926,9.72427891770232,16.596171477038613,2.7986667383029005,1.867293600858659
LC893,0.0,67.0,17.0,7.0,15.0,12.0,1.650058899634472,2.3528913734995704,9.103434254172717,9.131261509835108,5.903015168191983,3.8873430979650703
LC894,139.0,98.0,65.0,105.0,62.0,27.0,66.0464992215961,46.39037404910008,36.32009387731697,15.161575186526868,29.43469766799195,22.83288003795172
LC895,81.0,174.0,64.0,99.0,55.0,28.0,59.52582031058776,25.347215698564447,41.20870609245617,12.244561898591144,27.219390882380505,20.233994673091765
LC896,7.0,0.0,3.0,0.0,0.0,0.0,2.460500402604569,2.278859502678976,0.4474977099922918,1.477002371663171,0.9122403885247052,0.4783552885041063
LC897,0.0,73.0,5.0,1.0,3.0,0.0,5.513695962647031,2.798659884886188,4.323877868027684,6.810121726299316,4.042350867784604,1.8949504770998973
LC898,14.0,15.0,13.0,36.0,28.0,0.0,7.446797243645422,7.089487198730477,6.22721272701871,5.111290657098103,6.945902921941635,5.933778765428046
LC899,3.0,89.0,84.0,20.0,25.0,0.0,24.015829814558167,21.62151859932037,16.166910058284053,9.309164742959403,11.130315351294476,9.88516126469448
LC900,6.0,3.0,0.0,3.0,3.0,0.0,2.067402731013363,1.352041578623945,0.9332578786037512,3.6153878147950578,2.106777374054532,1.165500712379457
LC901,114.0,149.0,56.0,45.0,91.0,18.0,36.28576086661271,25.982438356972,35.41064386773752,9.004256845180707,13.394536449463828,24.596223836588116
LC902,61.0,3.0,89.0,34.0,85.0,9.0,38.47190681992675,19.212255620111858,15.578908508279616,9.157469250987956,10.233278835026995,19.58281608829932
LC903,0.0,0.0,115.0,21.0,22.0,7.0,10.136560574180177,9.95982989643056,2.3251013311804822,10.400546266230949,9.449408392809488,9.239599552811168
LC904,9.0,30.0,7.0,0.0,0.0,0.0,10.05177289423014,6.382321109437149,5.818130244122641,5.148885807495181,2.9527965647015777,1.8398479818847104
LC905,0.0,106.0,44.0,28.0,30.0,0.0,3.4409448133217797,3.305569301800994,10.325931624598326,9.824472100115187,10.13104747884542,7.804717925147719
LC906,41.0,52.0,25.0,0.0,0.0,3.0,25.23306025660196,21.232832480150577,16.83811075966935,4.21309030700932,6.161727801202092,2.579124658943865
LC907,47.0,3.0,95.0,34.0,53.0,30.0,42.490697393327466,19.02569089483539,13.704844457685144,10.001816135162684,11.071365286564804,14.73231088210452
LC908,40.0,130.0,32.0,42.0,67.0,42.0,69.43314479244427,28.266685390590272,40.93702937830812,5.749406011943392,14.603346621354756,15.218478711382794
LC909,0.0,0.0,49.0,29.0,37.0,3.0,4.764971001919247,6.683014137771266,1.4520833183049306,10.9322837496843,6.315792061936361,8.447349832724731
LC910,0.0,3.0,0.0,0.0,0.0,0.0,11.72618456816028,8.001144822428284,2.9095997092482744,4.116092874822551,2.057647250657888,0.9851386357765016
LC911,68.0,78.0,74.0,0.0,0.0,8.0,36.131973800390384,21.900512922419537,24.79926140809577,9.10626510947864,12.00000712902631,6.309889015317167
LC912,14.0,24.0,15.0,0.0,0.0,0.0,9.118716823900376,7.013108254503716,5.552603728397938,5.477809948137255,3.860838982874955,2.2474508180691437
LC913,38.0,24.0,20.0,3.0,4.0,0.0,8.946215434438383,11.747030621789229,6.332113892251118,4.082592706109887,3.674653527299696,2.014273564410823
LC914,0.0,0.0,0.0,0.0,0.0,0.0,0.2293821265937934,0.2208668827925677,0.1021351030250195,0.2017767261305709,0.2156923683119547,0.1378121824567447
LC915,0.0,0.0,0.0,0.0,0.0,0.0,0.2293821265937934,0.2208668827925677,0.1021351030250195,0.2017767261305709,0.2156923683119547,0.1378121824567447
LC916,0.0,0.0,0.0,0.0,0.0,0.0,0.2293821265937934,0.2208668827925677,0.1021351030250195,0.2017767261305709,0.2156923683119547,0.1378121824567447
LC921,0.0,0.0,0.0,0.0,0.0,0.0,1.211710266814306,1.0893568796735662,0.1281324659058088,0.4164816492590602,0.2389655583017243,0.1412693275451309
LC923,2.0,0.0,2.0,12.0,0.0,0.0,6.417333251131144,6.51002926633355,2.021204574010548,2.734337615165954,2.9297799087600938,1.966664416655569
LC924,151.0,103.0,120.0,26.0,0.0,2.0,29.22458267207531,25.625832289711024,32.62189379757445,13.731536973310824,14.438134506500171,14.835038102036451
LC925,9.0,135.0,65.0,3.0,0.0,0.0,34.61257177966266,18.684486483473272,17.244734139172223,8.901945907753078,10.774898682173152,6.658843873217278
LC926,30.0,164.0,77.0,34.0,66.0,21.0,59.6356464751776,26.58671236843973,40.71892153113793,12.557672465177522,20.48133403559437,17.3567908493827
LC927,3.0,27.0,21.0,3.0,6.0,0.0,7.184946402115106,6.423157537509837,5.241850315171225,7.031943540104679,3.667689968986526,2.537203735093041
LC928,86.0,53.0,61.0,16.0,0.0,0.0,29.66297214179107,16.684226515253314,14.29301854806692,8.614004988908398,11.833251900554307,7.869236991279786
LC929,6.0,3.0,0.0,0.0,0.0,0.0,7.359483622009115,7.296865015064293,2.8437673841802065,3.419417143074417,2.559262819696744,1.1031020349777385
LC930,3.0,4.0,6.0,0.0,11.0,0.0,3.8600477189105153,4.691402421122493,2.517200956268396,2.902044340378402,2.2373487876247857,3.1366541719058785
LC931,0.0,0.0,0.0,0.0,0.0,0.0,2.5123686991047363,2.9410379430095555,0.9062205502894822,2.9800694069316687,0.9227190906144216,2.109171983611536
LC932,107.0,12.0,94.0,12.0,50.0,7.0,51.89361592143422,41.84999257705996,17.60525623237895,10.369819383771068,12.799397743718004,12.688248754427176
LC933,17.0,3.0,0.0,0.0,3.0,0.0,13.413561356011192,8.080001768273261,3.67043822125641,3.443930534457263,2.125936303261616,1.9403636091782464
LC934,54.0,33.0,67.0,15.0,15.0,4.0,31.146139233716823,18.742149017187245,16.707200016470182,7.746922797997003,11.004010827380872,8.417844075680476
LC935,9.0,39.0,0.0,0.0,0.0,0.0,12.106745050556045,6.722822613240573,7.244695657467933,4.616530197667997,3.309793110623456,1.0439018753619136
LC936,59.0,3.0,113.0,38.0,45.0,6.0,25.311611802281632,22.816196455824272,15.052498605981674,12.39111862201606,13.509022123576704,13.490542542574934
LC937,4.0,0.0,0.0,0.0,0.0,0.0,15.299536451137874,10.572712891489877,3.4175354049642617,4.243350982864433,1.5278276986788342,1.2078640070314584
LC938,51.0,215.0,93.0,57.0,20.0,9.0,9.288261851074536,15.920199892706169,26.10904038115321,14.149509300673154,14.52858221729024,24.76032835439436
LC939,166.0,96.0,105.0,74.0,79.0,64.0,67.33213151503533,44.99391733646799,41.84011239031361,15.747095824640336,26.373518129979484,23.16380219274716
LC940,84.0,0.0,30.0,16.0,38.0,3.0,17.62124744044001,19.36898529969824,14.245368829094536,13.02456848046489,8.368288347130031,7.341730139114132
LC941,6.0,126.0,44.0,23.0,22.0,16.0,2.784057416245214,4.005877407540491,9.85144518924968,10.526055642564453,8.878428992051012,6.650625331142426
LC942,0.0,133.0,23.0,3.0,6.0,12.0,0.5807621084348279,0.5555081418961371,9.947911546083049,10.461247884910325,9.506083713349309,3.58540357857423
LC943,18.0,24.0,27.0,27.0,0.0,0.0,8.978667725534907,7.314550016801146,6.469074716683704,8.06373464747649,8.068824715920842,4.465286811776714
LC944,59.0,190.0,255.0,82.0,37.0,9.0,146.028884570843,38.27491593408392,55.12568395501275,31.976282243425004,37.116962237677406,28.760365465685982
LC945,12.0,18.0,26.0,27.0,2.0,0.0,31.12205878337359,18.618237126925795,12.308965881099402,5.855773760137669,7.393627821033518,4.381938513690565
LC946,0.0,0.0,31.0,10.0,16.0,2.0,14.712430306063668,13.260306460146618,3.8720547818693065,4.442883789572849,4.568024291215409,4.855281966412479
LC947,0.0,0.0,0.0,0.0,0.0,0.0,1.3081088476806222,1.4241494888940762,0.5320261546644434,0.5953116308100749,0.3352676086343601,0.2038682797707711
LC948,0.0,0.0,122.0,35.0,26.0,14.0,22.593086815131997,17.047875695274605,6.300410158294734,11.539078968492174,10.27718166047202,9.24535628661943
LC949,52.0,58.0,52.0,6.0,26.0,22.0,29.102958037276263,22.600342588136087,18.44853554898786,5.930814815896802,9.386754169398438,7.352680372742468
LC950,75.0,3.0,15.0,19.0,15.0,0.0,11.881526478518868,12.75033130773472,10.70625836698129,12.55035706866419,6.3058681232644895,7.117268240617726
LC951,3.0,121.0,89.0,27.0,33.0,9.0,1.5672836058271986,3.986566541509757,9.298960951160668,13.56036441696571,10.017172054852663,10.074047856167978
LC952,15.0,30.0,12.0,0.0,0.0,0.0,13.895303157289488,8.09090636260196,7.111069885283628,4.096763011151927,3.596688733984434,2.007844404967092
LC953,7.0,15.0,18.0,3.0,14.0,0.0,7.341974165094983,5.869457397275142,3.3287070669722385,5.3870005980505535,3.0393327211924093,3.800587574721321
LC954,143.0,135.0,106.0,95.0,84.0,28.0,159.59993902061004,64.19753695253351,58.62770302140544,16.8933947146885,45.889711987475394,35.366878146556054
LC955,97.0,63.0,107.0,27.0,3.0,12.0,40.95582007224562,31.724415848029416,25.227161364368552,16.51024410981071,17.446269504757343,17.08244424040898
LC956,51.0,36.0,0.0,0.0,0.0,0.0,23.10244127723091,20.68826101258749,15.420737149722076,4.72623200017394,4.6550240649726256,1.3048793103784393
LC957,0.0,20.0,3.0,3.0,0.0,0.0,10.997071518396949,7.550190169115608,4.80920816178078,3.5303675989553254,2.6205337918619174,1.6910938116030452
LC958,0.0,3.0,73.0,28.0,24.0,14.0,20.670234790542494,10.615586413576445,6.096778369133027,9.885302155763837,9.129904377749083,9.132109015550247
LC959,20.0,17.0,0.0,0.0,0.0,0.0,8.436036363038388,7.030081388924056,5.23205499691541,4.898501469345197,2.4178417973747903,1.0666394369117995
LC960,6.0,15.0,9.0,3.0,3.0,0.0,3.1292995138346797,1.8909735130998704,2.1300962445894687,2.426695369783302,1.6312524896057836,1.5204157717657978
LC961,30.0,6.0,6.0,21.0,6.0,0.0,3.5235641549111687,7.541246319979002,3.3930438529320264,4.819624097905803,3.9786523235086766,2.4768621995032385
LC962,0.0,0.0,0.0,0.0,0.0,0.0,7.016157102951966,6.672269034056501,1.2819440021704276,3.156599609759454,2.0624572836904407,1.2374246761199026
LC963,3.0,0.0,0.0,0.0,0.0,0.0,8.34785680645806,8.586693337178803,2.302787001524066,3.903495910562671,2.377596727225575,2.182936196734653
LC964,16.0,36.0,14.0,3.0,0.0,0.0,15.857380227604567,10.64277037974682,9.218618918252554,5.645930376700727,5.633594224369197,2.7442171475056827
LC965,58.0,39.0,0.0,0.0,0.0,0.0,31.683522922685118,16.4954288344773,17.38514285462232,7.574255970487135,5.60789427750125,1.8761102143282475
LC966,138.0,91.0,120.0,56.0,40.0,15.0,143.8688342151401,42.21082112495856,37.50083432362285,16.12849057014968,23.56725206969451,23.65419912374964
LC967,6.0,107.0,103.0,21.0,12.0,0.0,39.0932188307551,34.13332347326463,23.27074039032643,16.756334265250523,20.45137591047316,15.801593969455494
LC968,111.0,84.0,93.0,55.0,38.0,3.0,91.43297164550464,41.32995398172754,37.4763250794799,17.863573635776184,22.342540883643597,19.035491434606
LC969,0.0,80.0,40.0,4.0,3.0,3.0,0.5102449715003242,0.2633016490869272,7.827577266505856,9.554403398196897,7.738541075415181,2.9043197697188363
LC970,62.0,100.0,64.0,41.0,21.0,32.0,47.4294287514258,20.447921758995825,29.099664018810348,15.519701380938397,21.27422534242976,15.766056517486
LC971,0.0,49.0,13.0,3.0,4.0,0.0,0.853998377859089,1.1839867885470836,12.958907408550658,7.499154248457637,4.541942581096411,2.293508710199193
LC972,24.0,100.0,117.0,50.0,25.0,0.0,28.78817284601713,20.110297256162493,17.857009842545743,10.20797708436853,13.505002675404398,10.852792149231025
LC973,9.0,51.0,39.0,0.0,0.0,0.0,8.831906962860662,8.013632181714835,7.407646187811173,14.283934452134092,5.173095373074622,2.955987097318975
LC974,20.0,31.0,4.0,0.0,0.0,3.0,18.868802904092785,11.788438704667524,9.066233713661084,4.782649396962199,4.216332800756264,2.1947899314917207
LC975,0.0,6.0,6.0,0.0,6.0,0.0,1.7488040148503836,1.5735130899631504,1.163934909954741,2.3423202149479736,1.3216453785764106,0.9625883536833828
LC976,0.0,0.0,51.0,15.0,13.0,8.0,5.7748680029413615,3.2343220075704986,0.8200438472375717,10.444792501069164,5.842213931894221,5.187623233880526
LC977,0.0,0.0,0.0,0.0,2.0,0.0,2.577834657475696,2.583556843843644,0.7331496919498085,1.0115320007607695,0.5299319410715705,0.3433055277542048
LC978,15.0,12.0,12.0,0.0,14.0,2.0,9.517581066366464,6.093922888120877,4.137636609280891,4.742220460774585,3.0291599098714044,3.6120176621257385
LC979,0.0,0.0,7.0,14.0,2.0,0.0,4.449423041953997,5.002466902625091,0.9593606045163732,5.127171825384958,2.6898419221912606,1.887597062372745
LC980,0.0,0.0,35.0,22.0,10.0,3.0,2.4880522407108274,3.2408960190880105,0.5282516425477924,9.146423163356776,4.681648953261581,3.962055405662895
LC981,0.0,74.0,108.0,27.0,11.0,5.0,1.5612442071616233,1.7433761779269474,9.63664943661609,12.305924530951147,10.654848795335434,9.461555604346607
LC982,0.0,111.0,67.0,0.0,0.0,6.0,13.855461693166722,15.037696114695862,15.851004030966012,12.026799267812024,11.795082189460762,5.763110267209233
LC983,194.0,125.0,296.0,179.0,109.0,4.0,140.4003259122394,76.14930605670726,41.99718256895471,31.55347266372205,40.928060756822426,47.60049880753679
LC984,31.0,126.0,12.0,14.0,12.0,0.0,26.230664489335883,13.420941914922544,15.56466451945428,16.490492979690803,17.79274257309509,5.034372471438645
LC985,9.0,6.0,1.0,0.0,0.0,0.0,2.994483057879798,3.8047762598403296,2.197427929366271,1.7833090170771797,1.191560551421412,0.8666812451962812
LC986,0.0,0.0,1.0,0.0,0.0,0.0,2.389360115136346,2.501676012782933,0.5445036825569516,2.097169857609368,0.7401507075511451,0.3594225108164903
LC987,0.0,0.0,39.0,3.0,3.0,6.0,10.822829092713736,9.329753006425811,2.6595742136815548,7.775607831081942,4.887221789835865,4.42958745348399
LC988,69.0,0.0,87.0,169.0,158.0,36.0,41.98413735681329,18.87861703653556,37.62117234824141,21.660466298505128,27.6598019127451,25.79121254419118
LC989,0.0,142.0,78.0,25.0,37.0,10.0,21.38679745214293,12.73238130180748,19.660041805752247,8.551461854069089,14.498934028229852,10.46214833310472
LC990,4.0,0.0,3.0,0.0,0.0,0.0,2.74254800928946,2.0937007615773733,1.1644644055998652,2.7878999502003445,1.3082069883072502,1.042975209199567
LC991,0.0,80.0,76.0,3.0,0.0,4.0,6.784415989209178,5.405874396149774,6.946215098209129,9.075576400047876,9.59670721499619,4.518763112987362
LC992,0.0,72.0,76.0,14.0,25.0,0.0,7.989930360705244,7.439664035874064,9.986075250254007,13.13106279805262,12.699887869574944,8.555453520712867
LC993,0.0,6.0,6.0,3.0,0.0,0.0,1.9884884379850327,1.6776000459337896,0.7038535288871973,2.375491342738305,1.4457050477632185,0.8900519429353638
LC996,0.0,4.0,54.0,44.0,18.0,0.0,14.93628698138962,12.27708032364372,7.377563696784023,10.405884032167428,11.43657006289649,9.871218740453347
LC997,3.0,168.0,121.0,33.0,43.0,19.0,27.0831238733155,20.071392331937403,26.823965512427677,15.044906868146237,20.915954972605995,16.656301533707722
LC998,15.0,112.0,0.0,12.0,0.0,0.0,5.615689037969882,10.38037265545319,12.034504508379865,13.612428373625384,8.26253939790696,3.749604253536061
LC999,9.0,260.0,39.0,0.0,3.0,6.0,30.45971407492244,15.800651066044423,23.659505433690803,12.303862850499735,17.606751942895595,4.35178127424938
